--
-- PostgreSQL database dump
--

-- Dumped from database version 14.5 (Debian 14.5-2.pgdg110+2)
-- Dumped by pg_dump version 16.3

SET statement_timeout = 0;
SET lock_timeout = 0;
SET idle_in_transaction_session_timeout = 0;
SET client_encoding = 'UTF8';
SET standard_conforming_strings = on;
SELECT pg_catalog.set_config('search_path', '', false);
SET check_function_bodies = false;
SET xmloption = content;
SET client_min_messages = warning;
SET row_security = off;

--
-- Name: public; Type: SCHEMA; Schema: -; Owner: postgres
--

-- *not* creating schema, since initdb creates it


ALTER SCHEMA public OWNER TO postgres;

--
-- Name: agecategory; Type: TYPE; Schema: public; Owner: admin
--

CREATE TYPE public.agecategory AS ENUM (
    'Дети 0',
    'Дети 1',
    'Дети 2',
    'Юниоры 1',
    'Юниоры 2',
    'Молодежь',
    'Взрослые',
    'Сеньоры',
    'Гранд-сеньоры'
);


ALTER TYPE public.agecategory OWNER TO admin;

--
-- Name: dance; Type: TYPE; Schema: public; Owner: admin
--

CREATE TYPE public.dance AS ENUM (
    'Медленный вальс',
    'Танго',
    'Венский вальс',
    'Фокстрот',
    'Квикстеп',
    'Самба',
    'Ча-ча-ча',
    'Румба',
    'Пасодобль',
    'Джайв'
);


ALTER TYPE public.dance OWNER TO admin;

--
-- Name: dancertype; Type: TYPE; Schema: public; Owner: admin
--

CREATE TYPE public.dancertype AS ENUM (
    'Пара',
    'Соло'
);


ALTER TYPE public.dancertype OWNER TO admin;

--
-- Name: gender; Type: TYPE; Schema: public; Owner: admin
--

CREATE TYPE public.gender AS ENUM (
    'Мужской',
    'Женский'
);


ALTER TYPE public.gender OWNER TO admin;

--
-- Name: participantstatus; Type: TYPE; Schema: public; Owner: admin
--

CREATE TYPE public.participantstatus AS ENUM (
    'Участник',
    'Зритель'
);


ALTER TYPE public.participantstatus OWNER TO admin;

--
-- Name: skilllevel; Type: TYPE; Schema: public; Owner: admin
--

CREATE TYPE public.skilllevel AS ENUM (
    'H',
    'E',
    'D',
    'C',
    'B',
    'A',
    'S',
    'M'
);


ALTER TYPE public.skilllevel OWNER TO admin;

--
-- Name: Сompetitionsprogram; Type: TYPE; Schema: public; Owner: admin
--

CREATE TYPE public."Сompetitionsprogram" AS ENUM (
    'Стандарт',
    'Латина',
    'Двоеборье'
);


ALTER TYPE public."Сompetitionsprogram" OWNER TO admin;

--
-- Name: random_bytea(integer); Type: FUNCTION; Schema: public; Owner: admin
--

CREATE FUNCTION public.random_bytea(bytea_length integer) RETURNS bytea
    LANGUAGE sql
    SET search_path TO 'pg_catalog'
    AS $_$
    SELECT decode(string_agg(lpad(to_hex(width_bucket(random(), 0, 1, 256)-1),2,'0') ,''), 'hex')
    FROM generate_series(1, $1);
$_$;


ALTER FUNCTION public.random_bytea(bytea_length integer) OWNER TO admin;

--
-- Name: random_choice(integer[]); Type: FUNCTION; Schema: public; Owner: admin
--

CREATE FUNCTION public.random_choice(choices integer[]) RETURNS integer
    LANGUAGE plpgsql
    AS $$
DECLARE
    size_ int;
BEGIN
    size_ = array_length(choices, 1);
    RETURN (choices)[floor(random()*size_)+1];
END
$$;


ALTER FUNCTION public.random_choice(choices integer[]) OWNER TO admin;

SET default_tablespace = '';

SET default_table_access_method = heap;

--
-- Name: categorieslevels; Type: TABLE; Schema: public; Owner: admin
--

CREATE TABLE public.categorieslevels (
    categoryid integer NOT NULL,
    skill_level public.skilllevel NOT NULL
);


ALTER TABLE public.categorieslevels OWNER TO admin;

--
-- Name: category; Type: TABLE; Schema: public; Owner: admin
--

CREATE TABLE public.category (
    categoryid integer NOT NULL,
    partid integer NOT NULL,
    dancer_type public.dancertype NOT NULL,
    competition_program public."Сompetitionsprogram" NOT NULL,
    dance_count integer NOT NULL,
    age_category public.agecategory NOT NULL
);


ALTER TABLE public.category OWNER TO admin;

--
-- Name: category_categoryid_seq; Type: SEQUENCE; Schema: public; Owner: admin
--

ALTER TABLE public.category ALTER COLUMN categoryid ADD GENERATED BY DEFAULT AS IDENTITY (
    SEQUENCE NAME public.category_categoryid_seq
    START WITH 1
    INCREMENT BY 1
    NO MINVALUE
    NO MAXVALUE
    CACHE 1
);


--
-- Name: dancer; Type: TABLE; Schema: public; Owner: admin
--

CREATE TABLE public.dancer (
    dancerid integer NOT NULL,
    manid integer,
    ladyid integer,
    team character varying(50),
    coach character varying(255)
);


ALTER TABLE public.dancer OWNER TO admin;

--
-- Name: dancer_dancerid_seq; Type: SEQUENCE; Schema: public; Owner: admin
--

ALTER TABLE public.dancer ALTER COLUMN dancerid ADD GENERATED BY DEFAULT AS IDENTITY (
    SEQUENCE NAME public.dancer_dancerid_seq
    START WITH 1
    INCREMENT BY 1
    NO MINVALUE
    NO MAXVALUE
    CACHE 1
);


--
-- Name: dancercategory; Type: TABLE; Schema: public; Owner: admin
--

CREATE TABLE public.dancercategory (
    categoryid integer NOT NULL,
    dancerid integer NOT NULL
);


ALTER TABLE public.dancercategory OWNER TO admin;

--
-- Name: dancernumber; Type: TABLE; Schema: public; Owner: admin
--

CREATE TABLE public.dancernumber (
    partid integer NOT NULL,
    dancerid integer NOT NULL,
    dancer_number integer NOT NULL
);


ALTER TABLE public.dancernumber OWNER TO admin;

--
-- Name: dancerperson; Type: TABLE; Schema: public; Owner: admin
--

CREATE TABLE public.dancerperson (
    personid integer NOT NULL,
    person_name character varying(255),
    standart_level public.skilllevel,
    latin_level public.skilllevel,
    person_age integer NOT NULL,
    gender public.gender NOT NULL
);


ALTER TABLE public.dancerperson OWNER TO admin;

--
-- Name: dancerperson_personid_seq; Type: SEQUENCE; Schema: public; Owner: admin
--

ALTER TABLE public.dancerperson ALTER COLUMN personid ADD GENERATED BY DEFAULT AS IDENTITY (
    SEQUENCE NAME public.dancerperson_personid_seq
    START WITH 1
    INCREMENT BY 1
    NO MINVALUE
    NO MAXVALUE
    CACHE 1
);


--
-- Name: judge; Type: TABLE; Schema: public; Owner: admin
--

CREATE TABLE public.judge (
    judgeid integer NOT NULL,
    judge_name character varying(255)
);


ALTER TABLE public.judge OWNER TO admin;

--
-- Name: judge_judgeid_seq; Type: SEQUENCE; Schema: public; Owner: admin
--

ALTER TABLE public.judge ALTER COLUMN judgeid ADD GENERATED BY DEFAULT AS IDENTITY (
    SEQUENCE NAME public.judge_judgeid_seq
    START WITH 1
    INCREMENT BY 1
    NO MINVALUE
    NO MAXVALUE
    CACHE 1
);


--
-- Name: judgecategory; Type: TABLE; Schema: public; Owner: admin
--

CREATE TABLE public.judgecategory (
    judgeid integer NOT NULL,
    categoryid integer NOT NULL
);


ALTER TABLE public.judgecategory OWNER TO admin;

--
-- Name: ladyies; Type: TABLE; Schema: public; Owner: postgres
--

CREATE TABLE public.ladyies (
    personid integer,
    person_name character varying(255),
    standart_level public.skilllevel,
    latin_level public.skilllevel,
    person_age integer,
    gender public.gender,
    CONSTRAINT partition_check CHECK ((gender = 'Женский'::public.gender))
)
INHERITS (public.dancerperson);


ALTER TABLE public.ladyies OWNER TO postgres;

--
-- Name: ladyies_personid_seq; Type: SEQUENCE; Schema: public; Owner: postgres
--

ALTER TABLE public.ladyies ALTER COLUMN personid ADD GENERATED BY DEFAULT AS IDENTITY (
    SEQUENCE NAME public.ladyies_personid_seq
    START WITH 1
    INCREMENT BY 1
    NO MINVALUE
    MAXVALUE 2147483647
    CACHE 1
);


--
-- Name: mans; Type: TABLE; Schema: public; Owner: postgres
--

CREATE TABLE public.mans (
    personid integer,
    person_name character varying(255),
    standart_level public.skilllevel,
    latin_level public.skilllevel,
    person_age integer,
    gender public.gender,
    CONSTRAINT partition_check CHECK ((gender = 'Мужской'::public.gender))
)
INHERITS (public.dancerperson);


ALTER TABLE public.mans OWNER TO postgres;

--
-- Name: mans_personid_seq; Type: SEQUENCE; Schema: public; Owner: postgres
--

ALTER TABLE public.mans ALTER COLUMN personid ADD GENERATED BY DEFAULT AS IDENTITY (
    SEQUENCE NAME public.mans_personid_seq
    START WITH 1
    INCREMENT BY 1
    NO MINVALUE
    MAXVALUE 2147483647
    CACHE 1
);


--
-- Name: music; Type: TABLE; Schema: public; Owner: admin
--

CREATE TABLE public.music (
    music_link character varying(255) NOT NULL,
    dance public.dance NOT NULL,
    min_level public.skilllevel DEFAULT 'H'::public.skilllevel
);


ALTER TABLE public.music OWNER TO admin;

--
-- Name: part; Type: TABLE; Schema: public; Owner: admin
--

CREATE TABLE public.part (
    partid integer NOT NULL,
    date_start timestamp with time zone NOT NULL,
    date_finish timestamp with time zone NOT NULL
);


ALTER TABLE public.part OWNER TO admin;

--
-- Name: part_partid_seq; Type: SEQUENCE; Schema: public; Owner: admin
--

ALTER TABLE public.part ALTER COLUMN partid ADD GENERATED BY DEFAULT AS IDENTITY (
    SEQUENCE NAME public.part_partid_seq
    START WITH 1
    INCREMENT BY 1
    NO MINVALUE
    NO MAXVALUE
    CACHE 1
);


--
-- Name: price; Type: TABLE; Schema: public; Owner: admin
--

CREATE TABLE public.price (
    partid integer NOT NULL,
    participant_status public.participantstatus NOT NULL,
    price integer NOT NULL,
    CONSTRAINT price_price_check CHECK ((price > 0))
);


ALTER TABLE public.price OWNER TO admin;

--
-- Name: protocolfinal; Type: TABLE; Schema: public; Owner: admin
--

CREATE TABLE public.protocolfinal (
    categoryid integer NOT NULL,
    dancer_number integer NOT NULL,
    dance public.dance NOT NULL,
    judgeid integer NOT NULL,
    place_mark integer NOT NULL
);


ALTER TABLE public.protocolfinal OWNER TO admin;

--
-- Name: prot; Type: VIEW; Schema: public; Owner: postgres
--

CREATE VIEW public.prot AS
 SELECT c.categoryid,
    pf.dancer_number,
    sum(pf.place_mark) AS sum
   FROM (public.category c
     JOIN public.protocolfinal pf ON ((pf.categoryid = c.categoryid)))
  GROUP BY c.categoryid, pf.dancer_number;


ALTER VIEW public.prot OWNER TO postgres;

--
-- Name: protocolstages; Type: TABLE; Schema: public; Owner: admin
--

CREATE TABLE public.protocolstages (
    categoryid integer NOT NULL,
    dancer_number integer NOT NULL,
    dance public.dance NOT NULL,
    judgeid integer NOT NULL,
    stage integer NOT NULL,
    cross_mark boolean DEFAULT false
);


ALTER TABLE public.protocolstages OWNER TO admin;

--
-- Name: ticket; Type: TABLE; Schema: public; Owner: admin
--

CREATE TABLE public.ticket (
    partid integer NOT NULL,
    ticket_token bytea NOT NULL,
    participant_status public.participantstatus NOT NULL
);


ALTER TABLE public.ticket OWNER TO admin;

--
-- Data for Name: categorieslevels; Type: TABLE DATA; Schema: public; Owner: admin
--

COPY public.categorieslevels (categoryid, skill_level) FROM stdin;
7	H
38	B
18	E
1	D
50	E
31	D
13	C
22	A
17	H
12	S
8	A
27	C
26	H
26	D
45	C
47	C
15	A
39	D
27	B
1	E
6	E
34	M
28	B
2	E
28	C
15	D
49	S
46	H
48	D
4	S
34	B
33	D
42	A
41	M
50	H
19	B
18	A
13	H
2	M
26	E
11	H
46	A
28	M
34	E
3	H
7	D
1	C
15	M
33	S
34	S
22	S
35	S
48	H
40	C
37	E
47	H
4	A
19	S
18	C
7	C
40	E
21	S
3	A
28	H
17	B
21	D
17	A
5	E
11	E
35	B
7	A
30	B
21	A
43	D
27	E
44	B
6	H
32	M
14	B
28	A
39	A
43	A
36	C
24	S
42	D
38	D
47	A
\.


--
-- Data for Name: category; Type: TABLE DATA; Schema: public; Owner: admin
--

COPY public.category (categoryid, partid, dancer_type, competition_program, dance_count, age_category) FROM stdin;
1	30	Пара	Двоеборье	2	Сеньоры
2	32	Пара	Двоеборье	10	Дети 0
3	30	Соло	Стандарт	10	Молодежь
4	16	Пара	Двоеборье	8	Гранд-сеньоры
5	17	Пара	Стандарт	8	Юниоры 2
6	8	Пара	Двоеборье	10	Дети 2
7	15	Пара	Двоеборье	6	Дети 1
8	12	Пара	Двоеборье	3	Дети 1
9	11	Соло	Стандарт	8	Взрослые
10	28	Соло	Двоеборье	2	Дети 2
11	12	Соло	Стандарт	5	Взрослые
12	29	Пара	Латина	8	Юниоры 2
13	2	Соло	Двоеборье	3	Юниоры 2
14	12	Соло	Латина	2	Юниоры 2
15	9	Пара	Двоеборье	8	Дети 2
16	3	Пара	Стандарт	8	Молодежь
17	31	Соло	Латина	4	Молодежь
18	7	Пара	Стандарт	2	Сеньоры
19	11	Пара	Латина	6	Гранд-сеньоры
20	24	Пара	Латина	10	Юниоры 2
21	3	Пара	Стандарт	6	Дети 0
22	32	Соло	Стандарт	6	Гранд-сеньоры
23	11	Соло	Стандарт	5	Взрослые
24	5	Соло	Стандарт	5	Дети 0
25	6	Соло	Стандарт	8	Молодежь
26	33	Пара	Двоеборье	5	Юниоры 2
27	29	Пара	Двоеборье	3	Юниоры 2
28	17	Пара	Двоеборье	6	Молодежь
29	2	Пара	Двоеборье	3	Юниоры 2
30	32	Соло	Латина	3	Молодежь
31	30	Соло	Стандарт	4	Дети 2
32	33	Пара	Двоеборье	10	Юниоры 1
33	8	Соло	Двоеборье	6	Сеньоры
34	30	Пара	Латина	10	Взрослые
35	16	Соло	Латина	4	Дети 2
36	18	Соло	Стандарт	3	Взрослые
37	10	Пара	Двоеборье	8	Взрослые
38	20	Пара	Латина	10	Молодежь
39	3	Соло	Латина	4	Сеньоры
40	25	Пара	Стандарт	6	Гранд-сеньоры
41	10	Соло	Стандарт	3	Дети 1
42	31	Пара	Стандарт	10	Юниоры 2
43	31	Пара	Двоеборье	3	Гранд-сеньоры
44	13	Пара	Двоеборье	6	Юниоры 1
45	23	Соло	Латина	8	Гранд-сеньоры
46	27	Соло	Латина	6	Сеньоры
47	25	Соло	Двоеборье	2	Гранд-сеньоры
48	22	Соло	Двоеборье	5	Сеньоры
49	12	Пара	Двоеборье	5	Гранд-сеньоры
50	31	Соло	Латина	5	Дети 2
\.


--
-- Data for Name: dancer; Type: TABLE DATA; Schema: public; Owner: admin
--

COPY public.dancer (dancerid, manid, ladyid, team, coach) FROM stdin;
1	5	75	e617a064553fb2737244a3e1140ca394	c4e37059f436530da3fa7d43abda642b
2	12	3	24424424aa6e0b303c4179fefc1b7eef	dd7c051f46cdf34babfb50a8f6862f8a
3	78	10	8679762a32d9ed31b6e9dc6aba650c2e	309401f0fd03f06c32b73bc2d775edf6
4	71	20	2a482a3d8e9c365fea8a790661897bbf	9a6854c71e52c71236c1842b4c5ab01c
5	33	55	93f9ef2c7356f97e0d3a96a9f60b8426	80cf54c11fe60db3e7b679fdcca99fcf
6	26	69	f614e46485472a84bccd478bca2df8b8	3179f8218c62ababa216cefc74470070
7	73	26	cb2fcd5873a8e6152b86260be6e2c5d3	7feae12d4d0ce62cb8eabb3c8776671a
8	100	73	859ea6cc9c1d25f2755987ba2d81f381	c9e74657db16c9f8273d9e9b83830fcb
9	6	10	db76305c979982cb5263e90ae8610de7	ecac96f78ff18f5e125c468ec27c6864
10	63	50	48980f82d47e1ec03354e5aa37af03be	4de074e03ded5270b7c7bca2cbbeb265
11	53	41	2828096b6e5ad6755a4b4005dd823355	aac7e93c1bd5a2b4954f7070f30211c9
12	97	47	48c875475201cee29a23446d46fbf0a5	b37b5eafef2dd5f34cb5c17fcbf1d52a
13	40	\N	e2acf004fea62dd4d510e096792fb9de	87ff820bc6052a3ad0ce33274a2ade0f
14	1	80	704a05aa5222fab6f6ee57817124326d	0d87f045da8be0caf8c988c2b7617030
15	8	9	6dfe8cc84414609a8b2e4a3b4649487a	190fd9960c660927ff5fb0f1efdafb08
16	54	57	ddc814194cdd4c41ce04493cd80baed1	f771026debe0a7d53e4bf2ec155c72e0
17	88	\N	405438444a6475ef1e414f16e8cc2446	6d53abd5ded37cbef9295adac6d151c4
18	87	81	6a00e07607dddd8dd614cad336551aa8	aaa341c392daaf517c39fe87d59cbc8e
19	88	67	976275d11f259e2339a6e5e0a194b83c	888148f48c5dc889f379f70b940c9151
20	57	11	17105695cf8edcedba7b899753b3e030	dba044b53ec770df8b5151dfb33a47d5
21	36	75	2f077ed2ba53c4ed197cdfebeb4f1d4e	bc13823a2ebf63cee86bc844a5951af0
22	93	85	2501d387ebbbd4e98ac9c12e27857da2	62d2ea264a110486411a8851e687ec9f
23	81	91	946798cf076092218ce625d5b0501795	769ee5a4eacdcb4891683337493961c9
24	39	55	4bf203d3b1a03ac8d4da2851ead3463e	e59890f369ccedf6c6087cde4281579f
25	99	21	0f4de65dece145b725137ea5b9fec771	f2d8df8f6d1c031f2396f99f630f8448
26	59	96	7117f6f9dd26e471434aa0e81aa47d6b	54b7fbec78d72b360c0066ed143f0863
27	98	60	35dd73a2256e382637b03d38705ba150	3bc9029352af58cc2973613f06793217
28	10	18	6d79ecfcc477eec6d64ec49f2c463972	28ef0d9115a80ad5bcf4040ea8842ec7
29	30	\N	12db1442b2521d570496b290b0a5c2b9	1e1daec333418358c69306a062fc8f14
30	98	88	e3716a1dfa6cde9bb07ed734ae32ca94	d5cb5dfa947b82bd7d5a87a57fd6b315
31	76	39	2139a5a2f5bf95ee04f913f78d25c66f	65f9bb127c66ae9fa65314d6a60ed158
32	100	12	31b8578f944c72c7b2f06e00c40dad48	a8f2e6fc2cdb05dadbed47150ed080e3
33	17	99	92ef56b1872edca342a1635d1b36fc55	e8a4bc29e4548f70cdb92e6bfa013442
34	42	16	2ae775a9961a61beb454e43ff14253ed	066843dfdcc58b3a8da123814386c387
35	10	56	0e24d9948d8f434d211013ee12ff88dd	28de810e459064e1ca2ec860a6496b68
36	68	40	d1fd178b78ab167006e93fba26faa0f4	59cfc5aabd1f41bd4e49225f6bac201b
37	37	81	17def3e03ab62c29fbdbe164c8e181e8	fadabfb1a6194e8ba3afa01dfdc8e8e8
38	48	98	89af79f917f24cb9e5a0f1cda207282a	b6755428f40065296fee7c5832792739
39	62	41	f379d0ecee375b7eb4b32e1ab2f7f078	d36b4006f093ef7f4dc47d125d74838a
40	43	5	9e64b6a0539554f9a62aee065d481705	718b9b2e98fd53f0ed4b14e9f35a79bc
41	89	53	769ce69fa45cd39879fcc83feb101ca9	d8e4801f3edc06c5cb2d08b7dcab83cf
42	8	72	12653d9b910ed58287479921594fae07	ad73f85365d7bad174964a19ff5b9309
43	20	51	d2b5bb97459978f655296f1c6499c80e	4fed83c19f22e1704a9fd5e9eb5d32bf
44	10	29	34f2f5038b8f2e5c1c9e6944be89c3e7	902215b02fe2876ee12cc7c178f7e827
45	20	20	5ea93d319073a02c6361c5bdacfefe51	15b80ffa0d5cc9cf8d78d78c07b7aec1
46	18	64	a495d30000a0f73b855783ea5f703a22	7e3c64a8d8668189882ef2a1c33376f5
47	92	88	b168185c4f84daae15e971e328856344	6407daab2de205e516b89a376dfb190b
48	66	20	15e37ebb6434b800318b1c6bf731c77e	7041c77f12ac8949b5895afcee9c2d30
49	33	12	ea7c22bcb0c3617f14d557e581d35313	0bcb7bdc3349c3189e9dfff8eb60246e
50	3	3	9d7b05a8fdbce6cf17648ab8d62aec6e	333a1556ff73531305eaef5837693bec
51	79	90	abd58c288bf95a6744a89177042d3d57	90f52458e31ac8268f0d06b43c181126
52	93	59	f533e665165789a4258c626097d0d744	e2925f1d9f7397effb47c9230bf82101
53	19	33	e10fb26bd7441d48a4b1fb2d4bbdd003	c1990ae1275134186a9a10fa2305f6fc
54	11	64	e25f0d731c46c44d7616c3adff89300c	f85ad125b6f650fe258d723f9b2166c8
55	41	64	e420c378fb25e9a840d9b9faece4323c	310dd496cd5ce4a4ec4729848e7aa2bc
56	30	80	c7b6fef1210e247de943e2f99267907b	f2d97176bb4433c5803710be241ec517
57	64	27	3fd5767a4b3dd90e0b9b63d1fbd4a251	0ddf9f27cc01e7db8be15b3f173a7f9b
58	14	43	4153bc907bdaad677389bd8d8d70e481	b180fb64ea6547e8694b261456c43e4b
59	57	73	07da6b389d421e29b439c4713abbc4b2	fc96206aabd33f8bd7288ff612fa7bf3
60	40	62	cbfec37b9fe35f67912308db8e301361	0f7fb0d5a95914ae089f55d054ef4247
61	27	93	5c82a02a5e42e8b0f1a46273d20d2013	ed5750ad84c51ce088657b45b0de06b9
62	75	87	3a8558a6a52925792160e887766dac5b	58f2022d84817e4c8337912325383c7b
63	54	97	91c4dd4c80a92e96906be8ce50817745	f3f1f984644d6a6701ad5faba738ff74
64	11	86	509ee6e051328a184adfcdb9e26d61ac	cecc7df0144ff59af34540edda9e200b
65	78	66	ae93aa5e02a377fa5d70267ead7968d9	3c22dea7d35e3d50cc0ec003ad2539d8
66	87	20	dd623c10c48ff79eb0be599749e6cd5d	a6751d75b5d3f2beefa5ae6f935b24dd
67	38	46	258d6368dddbb6e675b6d14b66fd21b7	339777bf66d5ebdd92e382bf99228154
68	26	87	c87cd80ae3367487d321a987019e22c1	252266674767f20a3534cb097071e9d6
69	55	75	683c8df3feee5407eca9e4a05c76c24b	fe686b79abb36d35c7f4b24d34bd1bba
70	79	66	3a8c1a4bb139998cf66aa8d940c84162	b69214effbfe6212c0080bfaadb53e48
71	58	93	7b51a7ae78d50a436430de75f4789be4	4feeeb2c69102be4e665b7824d724d40
72	94	22	844cdea2d9da730aebff10e7f66be211	89f717f298960457226d35d16e04adc7
73	64	20	a70be1968255cbf95f804edb7bc0c0bc	3e661190ecdcbfbccbe53412716f6bf6
74	39	31	70c8f8dac13f1057af1fe7fe26064314	7f6fb254d715057473bcf8ea8e707131
75	97	20	d178cc680b2484b973fe14da5c86b36a	07218fde28607f7e7b493e48658cec3f
76	34	51	e74eb03be115dc95b050589c37230590	14779cf9f7127dacd3795b1c985cb8fb
77	45	40	6e5c05c2f4431e336231ffe42620d32e	2c27ea624dca1b528cb92f19312b1848
78	22	8	c81b56ddd1ceb5a717ad52c1716b2e25	4108c7aac830d49b5e465a5f1c6c22f1
79	61	49	f4b4fa28e8bfc15952ad51b024ba5b3f	cf1558a6a20dcbb9da6cd05fe1da2caf
80	47	64	096d5159e4274480705b36257850ed54	f6cf6d69f1cddb57b921c7ba879e0bf4
81	74	74	9fae80b423e17f03eb7f36d7c34a7471	11cee0316e5c2d71a2920d51938ae616
82	20	34	4fe2c4c5de572a09dcc7b7cbb2487e6e	d28afceb18ec1fceccf7715b1ac01d11
83	3	65	a6dfd8058cee81e9878213a2c21e8137	47f6c86b350adbadaf41865635e74fb2
84	19	29	49b4c44475905090b31e20b3890d1519	792101e1617288a3ee031392d2460588
85	68	7	cf185d609b9035500dc7e6a34f8da820	f91f076b96512119123f85cdbce582fb
86	18	69	20948691d7d261d209405ca9a7308ef6	4a2109235c1e234392ba1539c1a5ead6
87	23	52	d8f2707306d0e57cbd70f728c41fc39f	09b4736d82378482d435ef0e22afb1b0
88	38	47	bd2a3eba2d5316bdaeeefe9b33afc481	b700e0e9ded73ad0bb510599a5e9e204
89	18	96	1b200a7c90cd53cf262dab91dbf3bf22	0a90bfad4445a449363cdc102f6f683c
90	77	22	d8614f43317a20ecba3ef9319916991c	e5a4b1ad7e87accce2638160c3b8db15
91	8	33	8801c9f2c1ea12df71f29afe582ac93e	b402ae9eced23c92924eb94f3d428607
92	31	16	b3367d68e6b0c79506232cd1ec1861d2	a13d2f35783d11316ca9aa083be4618f
93	70	69	c389298ee703b5a903356eb8d2d7759b	5b48827de18030f0228f359240f1a690
94	97	25	58882827fd60db1b3e129fef925f784e	8df14a57b10151b15fa9c29eaf92d651
95	24	36	1548a2750caa93f6d80c427d54b9d6a0	6d5431487e1dbd2b6d28be9564e968f6
96	33	53	5ccc656ed8af7be982e1432f65f0ff48	b94fedb59421ef19a5a5a0d42f89d9da
97	22	88	7dfb6058968c53d82e921c2e9fb4f223	c0bde559d29d7eea392cd448ab6541e0
98	65	12	ad65f776d39b7a4b592f2b570890d46c	16643e6e81c655dbc4c2f6051b653eb9
99	59	68	b843153aabe589f8a011b15644b1f576	fae4f954e07ed8b4e1ddf9414c0f9401
100	57	34	e76d38c8c6d6a98b9a5a944e748efa83	ddbcb66ce56ca22c15ccd310b15fbb74
\.


--
-- Data for Name: dancercategory; Type: TABLE DATA; Schema: public; Owner: admin
--

COPY public.dancercategory (categoryid, dancerid) FROM stdin;
6	94
31	54
43	95
46	56
44	46
11	10
16	43
4	68
5	62
6	51
27	6
26	51
49	29
28	11
7	24
12	59
23	77
35	36
5	60
46	79
5	48
12	38
48	12
31	58
20	68
23	76
46	75
26	43
40	9
25	78
32	62
25	72
45	76
11	49
36	24
32	28
22	52
37	95
48	98
5	98
37	52
1	58
26	23
27	24
44	65
19	23
38	75
22	100
20	92
32	72
23	82
8	100
48	84
36	82
37	1
44	21
2	71
6	22
27	61
28	10
33	43
19	100
12	80
45	36
40	33
44	24
30	23
14	50
30	56
20	77
4	62
30	76
2	29
42	96
27	60
4	2
15	20
10	15
5	14
22	64
17	34
33	99
44	43
27	45
35	1
45	19
46	51
8	63
19	76
42	19
5	26
36	9
12	28
39	32
18	93
29	18
1	51
21	60
14	95
42	88
15	14
17	14
\.


--
-- Data for Name: dancernumber; Type: TABLE DATA; Schema: public; Owner: admin
--

COPY public.dancernumber (partid, dancerid, dancer_number) FROM stdin;
11	56	1
18	78	2
2	23	3
5	40	4
8	61	5
10	42	6
14	5	7
29	70	8
25	78	9
16	92	10
24	37	11
7	24	12
14	84	13
11	1	14
26	85	15
8	94	16
16	79	17
27	43	18
26	86	19
16	10	20
33	87	21
23	7	22
2	80	23
28	31	24
24	80	25
1	11	26
28	98	27
31	17	28
23	18	29
15	1	30
29	8	31
5	96	32
11	28	33
6	85	34
10	70	35
3	91	36
4	75	37
7	31	38
24	25	39
14	48	40
10	72	41
18	26	42
4	87	43
19	28	44
9	50	45
12	91	46
8	100	47
18	16	48
15	86	49
1	20	50
10	63	51
20	17	52
10	76	53
12	84	54
13	17	55
26	52	56
7	18	57
31	91	58
28	70	59
4	68	61
13	85	63
16	43	64
21	38	65
11	49	66
16	74	67
3	79	68
10	48	69
6	39	70
20	98	71
29	18	72
24	33	73
10	86	74
8	84	75
12	6	76
16	3	77
13	11	78
16	44	79
21	50	80
4	63	81
28	54	82
6	77	83
22	11	84
5	20	85
2	8	86
6	56	87
12	36	88
9	76	89
2	89	90
32	65	91
3	26	92
22	93	93
3	79	94
22	84	95
1	3	96
3	46	97
29	59	98
15	20	99
4	61	100
9	14	62
31	14	60
\.


--
-- Data for Name: dancerperson; Type: TABLE DATA; Schema: public; Owner: admin
--

COPY public.dancerperson (personid, person_name, standart_level, latin_level, person_age, gender) FROM stdin;
1	e46bbecf2260d927d4a915676b6e9cc6	E	A	45	Женский
2	e70244444ebb6b610b5321e31d7785c6	A	C	80	Женский
3	93a38e2d28c9623ccbb3b69e3b00bf30	S	S	65	Мужской
4	86838672c329699f5cb47c85390c6fd6	B	M	2	Мужской
5	6d1cdc99d035b1e6ee141faca1b6e203	M	S	99	Мужской
6	8bb6750ff94a74cdf4c6a6b32164323f	D	M	75	Мужской
7	014b909cfa0bf3bd665f5a4fd50eb9a6	A	E	97	Мужской
8	672b54009756d898ccb54b7211714234	C	E	76	Женский
9	ccd465aabb838300910e8314b0258161	H	A	100	Мужской
10	dd6bf6a3f75971dbd02eb8f779bd1e58	B	A	74	Мужской
11	302df58ac1043f3f5b01969ca1066538	E	A	99	Женский
12	07cb69fe03a8ea877ac3b54eb282c355	E	S	54	Мужской
13	b82f00609130d69a0786cc2283e36584	B	S	70	Женский
14	6ace82aae51957c8638ae0e036125d53	A	B	97	Мужской
15	ce604a7890cdc2ec165f3ab2196ea655	S	M	38	Женский
16	e54e3779c049253bd5e63eba674cdb7b	B	C	7	Женский
17	4ac41a73c849928c147479dbfe25a6dd	C	D	31	Мужской
18	c343a941c9430feb5139ade55519ac4b	M	B	15	Мужской
19	2491ea2d9c6eead4d86cc494718e0e35	H	E	15	Мужской
20	e0fac5b2375c4600b016a34eaa8fe939	E	D	31	Мужской
21	dc052974264eebb15300233d9eddabcf	S	M	65	Женский
22	e8f9d015f10abbf72c6133a93acff51e	C	A	12	Женский
23	4e2380c8700fc55cfe5016405675c377	H	H	19	Женский
24	ed1c41d8a40ae712980813ee7a67df0b	E	S	10	Мужской
25	54fb45381e86f210caa3ceafd5b9cca4	C	D	63	Женский
26	cefe931cfe52b507704650f8b7685ba4	D	A	54	Мужской
27	649619fe52bb8ca94b134ae0cb0189ba	S	C	59	Мужской
28	f7ebc3e982461706b437603da1e7f0f9	H	B	3	Мужской
29	56f8d46ab496bb5abed0f4ba4d52a11b	E	E	27	Женский
30	106bbce9a11ddfc8983fb9e505a0242e	A	C	10	Мужской
31	4a777ff7338e871b58febcfee8a540c0	D	M	14	Мужской
32	c60b34e33a70ab73584fdf55e930d55c	E	M	57	Мужской
33	4c4a77f23731f2240c7a0b53a24455bf	B	B	70	Женский
34	e010aef4a4e4b1af613f3c121b246e07	E	H	85	Мужской
35	025a47805c0ac9b806d48ca5f9d7db5b	C	E	56	Мужской
36	07d09974b1ddb9b6cdb85b2c3bb50055	A	E	69	Женский
37	a367f54d48848d48359103700f2ae8a9	B	M	74	Женский
38	9b9cf01126e1d6f068cd0b85814e2b85	A	H	47	Мужской
39	1f1f12ed5be91d4ae09ed49cb0d63571	A	D	83	Женский
40	d22c473312972ce97d2e4d11e5b0622b	C	D	71	Женский
41	dcd771649d850e9276b5f1038d9fee0b	E	H	57	Мужской
42	7f800568abc5f68b1431e520bf8e0d90	C	B	17	Мужской
43	023e4b633a9a754dbf007834c90d84a1	A	C	51	Мужской
44	88b437ed89d4de9d2dd6d661b39ac4c6	M	E	80	Мужской
45	9910fcb1e28d51f2a28a7a86d81a7a76	B	B	36	Женский
46	ece04fc1003e1f1cd75e046237b827cb	S	E	96	Женский
47	80d6627d10beda6b0a1b4bf51bd6219f	E	C	30	Женский
48	49d7b82565f11a22b174d38e7820c805	H	D	82	Мужской
49	e1faa80c09e6443d34e98cf2485394c5	B	E	36	Мужской
50	6bfcdcf373b31f9e1dfbefcc47e484f3	C	C	31	Мужской
51	72993a7e9d08438a5c8bb012ad9bd1be	C	M	92	Мужской
52	d22b4df4dc553b88c6fe6fc1508140c4	B	E	97	Мужской
53	387d2f24065fc7d39eec3dbe723a5213	D	H	46	Мужской
54	e05175d2aa5d8921acd8be2fcc0fdd98	A	H	31	Женский
55	8f1c8ac4d1002b4de4b14b4c4862d60e	S	A	29	Женский
56	d634b793043d1195d7e0c5b009830a51	E	B	49	Мужской
57	3b7924f65a8063d0dc6fe42a8b3c7f91	E	B	40	Женский
58	4d7aa114089e3515274dadda01c0581a	M	D	11	Мужской
59	f153f45645bec268f9dd1b6a6e81281a	D	S	4	Женский
60	386d471591d8e633bb78a2c37952cec3	H	M	69	Женский
61	6993231fd97268a64c1cc8be8014199f	M	C	56	Женский
62	9cb187ba541ffffad1e51703131ff438	M	S	70	Женский
63	30ec6c580b0644dc9dcb5b564c1e5ba6	E	A	38	Женский
64	9a5ad138908e70e61a52940b753d8852	B	C	82	Мужской
65	29a9de4a60358c7da44c4044637bbca0	A	C	23	Женский
66	70a98fcaa97075a78a886418750a2227	M	D	100	Мужской
67	d7682d182187644548acece2dfea04d9	A	D	85	Женский
68	2d22f9ff80f8e5d442ba1a6d01b7df41	H	E	38	Мужской
69	47d6e5bc307f35f644daea0b2de2a783	A	B	39	Женский
70	d82b267095b6f2a75100b80e3f123737	B	E	55	Мужской
71	277d53d5f9d656beb12585edfca135a4	A	H	30	Женский
72	3eaf2042a95e32d737725be4d7fd04a2	D	B	77	Женский
73	3be1ed3132d1baf9e2bf8a077263db66	H	D	74	Женский
74	8a880b9b6248662cb8aad416737d0e33	S	C	85	Женский
75	2af9e1eed954890222c1b9dac6bfcb5d	D	E	81	Женский
76	95645aa887f78b76e5a2e09be611ff43	A	H	28	Мужской
77	ea042eed3b42dce8173ef81dc903d563	B	C	74	Мужской
78	cd28182d155b8157544887b64fc7d5d5	C	S	51	Женский
79	62ad8376dc94a34ea445dec5cd9895e5	M	M	23	Женский
80	3924f932df676e97b2c20a607fa8a9be	D	A	80	Мужской
81	49d11ba9d5fcbd8aeb084049201a34a4	E	B	26	Мужской
82	ab98bfdb9c6b1c2100155746eaa424e4	D	H	42	Мужской
83	00a5d0c4dab5547928f4cda66e7d7a3e	M	A	75	Женский
84	0ad9fc96f658dd599965e6d7fa7cc7ba	H	M	54	Мужской
85	ea0d92b0f40a9e4ba9af04194422058e	C	E	74	Мужской
86	f1fb5184a4e4ce97af52cdf00f4dfa5f	D	H	32	Мужской
87	22b13be35edb42d5d0c67734cf8e5efe	A	D	58	Женский
88	7906591e3a3f9df03250c308be8bd1a7	A	B	69	Женский
89	c2c07f95aae49757332adc21cad1372e	H	E	8	Мужской
90	c12e33cf788e9db03166f59611d3cf64	C	D	98	Женский
91	2605d935352859ae0fc331a4a0efc5f4	S	M	93	Женский
92	00b662dde00fc8898e1765f9b9ccf132	C	M	78	Мужской
93	7d106fbef5e146a003656cfc566eb61a	A	B	51	Женский
94	4570c0eae4fa3ccba5965ffffc5dd6cd	C	M	52	Мужской
95	b58cdea4e5cf6372b3b6558c284bbad0	B	D	49	Мужской
96	1c82f4f7a6273c5dcb77b0e933a05e59	S	S	53	Женский
97	97cbcfa23ee7e11f6f8b99d3bfad4add	A	A	42	Мужской
98	4c6cdfbea7b82b357f7fa313ac745212	C	C	14	Мужской
99	d7ad4389f6233ecb48daa86cc62848e1	B	H	57	Мужской
100	755bd5f8515f11516629a3f120476446	C	D	2	Мужской
\.


--
-- Data for Name: judge; Type: TABLE DATA; Schema: public; Owner: admin
--

COPY public.judge (judgeid, judge_name) FROM stdin;
1	b366ba7feaf5e2018add27c36b4b121c
2	0d11513b9fe50e6cd9072710d9b41d68
3	c18995dbf91e8953f4a8bedc79cd12de
4	dc80b6b7550ede7b77595a6268643e5c
5	4da1462174468a84d5615a379f6b2dde
6	b4ed7aa0c335830809d7cc4533d268e1
7	02e1876c022635fcd21664779fa7b4b0
8	416a4ae552a5aedffd64fe05101cfe47
9	73a6d92463c0b0fbe5814dfb5a2b4ec6
10	6913782da938e037083333f902b853e3
11	0e1c0918575fccd9aacf6ed451bb4fb8
12	9cc600da58e7a7d651251a08ac9318be
13	74c31fd07b6bf5dd5d44dd738c34d22a
14	5813ad92053a3633a81206e21999dff1
15	769a2d3ebe95eda0faa524c73eb08188
16	b95242f41276d8ee008e32d5cb815cf6
17	0aecb2929ad9ea39a85b04f94df60ef3
18	85cb96ccd74eb534e348770c2893c492
19	2fe9d62b9c53e11a8fdf7ac387f8265f
20	1c9fee76daece9b479e3f245657bec21
21	28354649c4393c873c5bec5a08818d8d
22	e588d883ff0878268c7f514bee36ff4b
23	14b6729f0ffc64ac48bec1669f2898cc
24	68103fe628c6451bff926934a921169a
25	1190ea71c221447b3953674d6cec8e86
26	4e9d7778a762e5d70d62dbffcc234820
27	2ff6b571db15a89f8733a6b9d2ce8279
28	33e2c7f65dd3685e4de0a7687c416ecc
29	65a42b291374c3e8416fac41e25a6336
30	7be48b2602e948197e19b28e53d0923a
31	f6736394fb0be1a8b8d1f374e2bfd314
32	3578f1b2d5ae37a6806010e2b8986490
33	add174980201475832adb77ce6069221
34	43355b1c8492154f8a79142eef33a11a
35	5f71effdb5c40907201d469336b076a0
36	47b0c74ac5d0a9562763ede906fe763b
37	9affeb7c5832cf862094a8cbcd6587f1
38	d1933c5c8f4fda4fcfc1652de135dd86
39	d559f5b8c7089e5ab4ef58be80d84d39
40	410c2b91325f1461dc4631705293f785
41	dbd5d06e185041175285eff815d1f60f
42	9b0c4fd5e499a7aecec9980894289817
43	efcb377e03f6e82ae1dd0c39008d33b7
44	d699f77e7cf90b1752552f56afa42196
45	08d9fed1e8f7a5a075f6df3099703cbe
46	917431e68f953c5e44c112543396f53e
47	2a022ed662fc14c2dcba653a5eb782b3
48	1bf216b7a222529b5e1a7e8b0d396d0f
49	4ce274cf24ef1c66a67073471d022451
50	e76e200167d30acf0816ee14d2db863d
51	c1afc86f2fa2e525a3f59f52b5cbf630
52	c61834ae32fcb5aa3f736beb5b531426
53	0803b592755716bef0200959547c5152
54	f3c5c7b34eaa3a516b453541069c4fcd
55	34624e1b48f0d261fdf75e1f295b613d
56	3e55275d3d76b6f9ac9583456ffee692
57	82010d030ddf0f4d03d1c66e31738f8b
58	3f984e71198220530d1a4a5a8c0e0e8b
59	1b07b6d3320729da1c1fa3b7d027ac90
60	34194a1ba05397047adfc6ed0e24c2f8
61	06bea084e2381d9d3e4ffa8b14b95f49
62	c995ffb4163d318ab869facac0472717
63	52a5b29fc74599e42b91c4a5d387ba31
64	561e930e37787d2c2d736db5afc18585
65	2b91bca626b1982bc150928e89eba845
66	390e31dae41d3db6b8c0b2b1ff2aeebe
67	3fef1b09196615a0890063dcc6f5f718
68	65ab9127d83c70687a7d35ca63246acc
69	9ef9aaf84a58d7bf71d94dbef81a036a
70	ce23ec3ff7d7d2e9a02329938cf46b1a
71	5981aca3422f97b93559050f9ab8451a
72	292f246b9fcafc70cb1f64f1b30cd6e9
73	b61f1c3e5e8ccdd6e2a51917a35f62eb
74	f89dd14ca803bafd22db95c5521e4d8d
75	8696b519f842e243572dea66a07175c5
76	a4834d7ce96c1977418e4c7ecdd3d08b
77	e754f381ea65e3090c6ef510de308d83
78	0800a41208aa92a0ab3b5d09653fd28b
79	46693d578e1fe36dd62ad9affe51ce96
80	bee1c931a91e4465248ee06a8d48d9a5
81	d2f8afb06bbf22d66130e3c9ba333d93
82	beacc500c636cc61266bc938fc47c302
83	8c2a89582a7fe88b1ca07668709a870b
84	1844c68ed37d8bcd6cc891b02a47b40a
85	866550aff14ec7f387913333717ee736
86	be91fbec6a70a54a89e950a5ada6b06d
87	c1d6eb842f03bc0c9c55c6f9c620b6b1
88	bfc8d2f9e9088bbc62879187b7d5a614
89	fa412a7fd90952ce9a8db93f4afb20fa
90	138f4ab706c739b558dc9897957ad518
91	035c9ab6076bd7f4762af6883ff1eab7
92	fa7d72f470db513e748bc5ada742ea42
93	8025af23d7cd2b3d027963ff9f620490
94	f843c9e7c894019a52815c23b04e233c
95	ef5e4b5c5b12afca31c6ddbe2bc857a2
96	3a8c6a68784934256e541e26bd70402a
97	7b3539a23d845de40e25bd10a01b003c
98	4fc8e225e6f664ba2ca4c0599ae7afe3
99	7f4311739e9883b3e5f822c270b99e5b
100	e82ea4ebbf539b8e15f48526f193fbb0
\.


--
-- Data for Name: judgecategory; Type: TABLE DATA; Schema: public; Owner: admin
--

COPY public.judgecategory (judgeid, categoryid) FROM stdin;
20	39
88	44
99	34
15	50
64	13
45	48
62	18
72	42
84	30
88	7
26	24
50	3
60	4
74	6
67	44
72	3
58	39
95	7
11	15
56	34
70	13
19	9
68	9
41	19
93	48
54	5
70	41
27	49
8	20
13	49
65	29
30	6
46	39
73	15
36	16
59	36
64	22
5	15
8	40
3	46
96	19
59	18
31	12
45	3
45	46
28	20
70	9
63	44
26	18
51	46
90	8
16	33
10	23
65	19
94	19
68	24
6	21
98	5
59	28
47	43
78	1
9	27
20	44
6	24
10	22
11	2
66	1
56	9
34	34
47	36
54	17
34	44
67	37
79	2
67	17
65	49
82	9
40	22
4	29
25	39
53	47
67	19
8	24
93	3
94	30
34	4
26	11
74	28
82	22
40	24
73	22
96	5
4	1
1	6
29	28
67	30
46	15
37	34
\.


--
-- Data for Name: ladyies; Type: TABLE DATA; Schema: public; Owner: postgres
--

COPY public.ladyies (personid, person_name, standart_level, latin_level, person_age, gender) FROM stdin;
\.


--
-- Data for Name: mans; Type: TABLE DATA; Schema: public; Owner: postgres
--

COPY public.mans (personid, person_name, standart_level, latin_level, person_age, gender) FROM stdin;
\.


--
-- Data for Name: music; Type: TABLE DATA; Schema: public; Owner: admin
--

COPY public.music (music_link, dance, min_level) FROM stdin;
3af03995442ad7b68962e2f6e1a86d6f	Ча-ча-ча	S
4de53d5f91411e276c6c867491f9e56c	Пасодобль	D
b9c2005c836325822eb0938a14592c1d	Ча-ча-ча	M
f8ec6ba7a58d1b4dac9a8824750c2ac6	Венский вальс	S
26cbcba87a382f71a4df318a77f1a51d	Джайв	H
3b82afaa7502e518195a2679ad8a1ffc	Венский вальс	M
df3693e3d1d43067245532e582aec6fe	Ча-ча-ча	E
b88495d9f5c8d1fc6bd4130e66d62da2	Венский вальс	C
496049ed5cf4da4778449df428881fe1	Пасодобль	E
f844ed1c479d9cf983c8e99f6cf5e145	Квикстеп	H
c925023e3724848d9bde0b92abcd7762	Самба	B
2e8b38a5ffce8da5e0833193ac7aeb65	Медленный вальс	D
b02421a7b6977e35dd1aac02331e8e39	Джайв	E
fedd9da83bdd679e6e2ef95890b242d9	Медленный вальс	H
f448ca0b28f8a675f1502d2ea2f987b0	Венский вальс	A
57799921ee05ef66dacb7d52c10de83d	Пасодобль	M
a8594c7cbd24cabff29aebc52f9d7e46	Джайв	E
98442062300797cdd0622d2453e2c267	Ча-ча-ча	H
1efe331aa789223183b611ae2e0fc8ee	Танго	A
a70f26890c6116bd030f7c5bda13bc8d	Квикстеп	C
955f45a4ae1b5f43646f67d0f3136bbf	Пасодобль	H
c51d8cdefacf1f1fd575715d5fd26fb2	Медленный вальс	D
e0a10558ce3266c61676f19b359fa90e	Квикстеп	M
661708e9bd61f34a7ccc92ed309b754b	Венский вальс	D
e438ac3bd5dc4912efb5c8f8a1fb802a	Венский вальс	M
f398389304ca80f681f418d67f5b5d09	Пасодобль	D
b58dcb92b198400617584601e581aba2	Джайв	C
6514a8fbbdfa7fe35fd09aa6bd95269f	Венский вальс	H
f0d0fc18fee7e06f6771dcc944b0f23f	Румба	C
ba0a1ffbf19c3403e25cf366579238ac	Румба	A
cfc6002f6286daf57332a8e4421b1506	Квикстеп	H
f224af761ff7997064582bafa23883be	Квикстеп	S
6a219a1a079849f9d5708da58f5390d5	Венский вальс	A
389897bfd1046a093ec63e91de8dcfd5	Медленный вальс	M
5fbad7a20a74af818009552042c6e243	Медленный вальс	B
f0559a64fadf0f1a25257ecd64f9eabf	Румба	B
269c405e44bb4841038d3212837cce51	Медленный вальс	H
9e19571948a573e1da4a60b4d3162c65	Джайв	C
ea6e0611815bfa85b40fb65294bfe2da	Джайв	D
8608ca831be54b240cfbac96de456609	Пасодобль	D
87bfb4dd4e9c5c956fefc7e6725f3e9e	Самба	E
73518d0d83af904a7db1415dfa933dfd	Ча-ча-ча	E
0e2feaca59c8e8843f9a5aa887ee5bf5	Фокстрот	S
c0b45156be05e338b65cdeb79ec75515	Джайв	B
22cc4d973ff682db74c5e7010de91c07	Медленный вальс	E
54509f0a5c0a3482798baf3dd30951c7	Ча-ча-ча	E
6690853858851a301f4f4af468fc1b5f	Ча-ча-ча	E
bd7395a61988447f9a0d4fca4747ba50	Венский вальс	H
ec2d2bfe545552170647822b22a9b94f	Венский вальс	B
463d7e85744f873b2b1ac4126dea6796	Румба	A
ede61f18082970b1e32bb83c8568e822	Танго	S
5d0c182229f5cf21f1e8bc3f7bba2aef	Румба	S
4444270d21a9e65557d7d926b6abba69	Медленный вальс	E
9d0a5df5734f5258ec5591caf9616bac	Ча-ча-ча	A
cb54d118b8ec2f8a0ec5e7054c595e2f	Самба	S
91fbae0eb626f6135cf4d5ae276ab992	Самба	D
f1aceecc72e1298e09f60b3c743f0ea5	Фокстрот	A
7412a496f0bf022d04082b98a996987f	Румба	A
6b49f64d8eff57335761358519c63f48	Румба	C
8cf18e4f17685a35883fe7c00889aec6	Самба	H
a8ba5099855c009a502905cd33d99f95	Танго	C
7fa067348631937472116786f9f71e38	Пасодобль	H
00aecd5a5873ed53812e39ad55777bae	Медленный вальс	S
8063346afc2b7d6c94352bab4747c545	Ча-ча-ча	A
bdc14a173c307d06b722b0a3bdfacd63	Джайв	H
f7453daed3a0859e429caf53385e65e0	Джайв	A
b6e5d4fe026d3d767d63a637814029c0	Джайв	M
2398fd87443a63939a99591b8e9112aa	Ча-ча-ча	S
09b7fb65e9ce934bbff37af1cf9d540c	Румба	S
3355b1d57c73a38329fe07fe1a02f03d	Танго	E
9a48019ba182c248703913b3fd44c246	Квикстеп	B
74270c71a16610f4b6c02127a7110563	Самба	H
64b0f7ffc206f39c59142db3b8dffb24	Румба	B
f1d932d2cbea6cc9c997aa00303d7274	Румба	C
fe8950d32636a7a6dc6b2b507e66672a	Танго	S
73a3ba0bed4c7c8ca1bd3ff8d813c99d	Медленный вальс	B
39be259a430733c452086b9481fe6168	Фокстрот	C
97f926ed57c67c0ccd9685add933b87f	Фокстрот	B
c26ab63f21c15e792513b220a5316aa0	Пасодобль	E
263674b954921ac9517fd8630450782c	Фокстрот	E
6bb86c503816228efaab18877a4acb40	Квикстеп	S
0d2ded7faa267e568cd82bb71f7794ea	Фокстрот	D
3d5dcd9023813957a892443616e8da1f	Медленный вальс	M
74702d45434a2b321d822a98838d9b17	Венский вальс	A
1d1e63b75956c57a6c86810b03ee1bf0	Танго	C
415dca8f67688fdb04a024e4427cc33c	Фокстрот	A
57d88fa6c3b368d285a8b2eb947a957d	Венский вальс	H
49858e5665e1f25f3a67f6fe0182da89	Ча-ча-ча	A
f20a17821f9897e163276d39ace541d6	Фокстрот	H
9286cd2b8b912862ab8bb1def4ac7edf	Ча-ча-ча	H
aee26eb58838989966651f0ebbe5f589	Румба	B
343f9c3f5a2fca1e17e03a877df21a78	Румба	H
36dee51d116244eb7c8cc964541792a4	Медленный вальс	A
f70f61fa9cf56c0369b1d819d4746c62	Румба	M
bfda5e376c6549bcc577dfd0c1d46431	Фокстрот	E
cc02eafa297fe325118c5744bf8290a1	Фокстрот	B
1ce2d9dd9f8121e667e27b7ef7d852b8	Самба	A
59fbd533e63a6e0d29a4ac6190a615bb	Венский вальс	E
8a35043707ef24b028e0740ca648c0ff	Фокстрот	D
6331f777a878e4bc352e84a291179451	Фокстрот	B
\.


--
-- Data for Name: part; Type: TABLE DATA; Schema: public; Owner: admin
--

COPY public.part (partid, date_start, date_finish) FROM stdin;
1	2000-08-22 12:00:00+00	2000-08-23 00:00:00+00
2	2000-08-23 00:00:00+00	2000-08-23 12:00:00+00
3	2000-08-23 12:00:00+00	2000-08-24 00:00:00+00
4	2000-08-24 00:00:00+00	2000-08-24 12:00:00+00
5	2000-08-24 12:00:00+00	2000-08-25 00:00:00+00
6	2000-08-25 00:00:00+00	2000-08-25 12:00:00+00
7	2000-08-25 12:00:00+00	2000-08-26 00:00:00+00
8	2000-08-26 00:00:00+00	2000-08-26 12:00:00+00
9	2000-08-26 12:00:00+00	2000-08-27 00:00:00+00
10	2000-08-27 00:00:00+00	2000-08-27 12:00:00+00
11	2000-08-27 12:00:00+00	2000-08-28 00:00:00+00
12	2000-08-28 00:00:00+00	2000-08-28 12:00:00+00
13	2000-08-28 12:00:00+00	2000-08-29 00:00:00+00
14	2000-08-29 00:00:00+00	2000-08-29 12:00:00+00
15	2000-08-29 12:00:00+00	2000-08-30 00:00:00+00
16	2000-08-30 00:00:00+00	2000-08-30 12:00:00+00
17	2000-08-30 12:00:00+00	2000-08-31 00:00:00+00
18	2000-08-31 00:00:00+00	2000-08-31 12:00:00+00
19	2000-08-31 12:00:00+00	2000-09-01 00:00:00+00
20	2000-09-01 00:00:00+00	2000-09-01 12:00:00+00
21	2000-09-01 12:00:00+00	2000-09-02 00:00:00+00
22	2000-09-02 00:00:00+00	2000-09-02 12:00:00+00
23	2000-09-02 12:00:00+00	2000-09-03 00:00:00+00
24	2000-09-03 00:00:00+00	2000-09-03 12:00:00+00
25	2000-09-03 12:00:00+00	2000-09-04 00:00:00+00
26	2000-09-04 00:00:00+00	2000-09-04 12:00:00+00
27	2000-09-04 12:00:00+00	2000-09-05 00:00:00+00
28	2000-09-05 00:00:00+00	2000-09-05 12:00:00+00
29	2000-09-05 12:00:00+00	2000-09-06 00:00:00+00
30	2000-09-06 00:00:00+00	2000-09-06 12:00:00+00
31	2000-09-06 12:00:00+00	2000-09-07 00:00:00+00
32	2000-09-07 00:00:00+00	2000-09-07 12:00:00+00
33	2000-09-07 12:00:00+00	2000-09-08 00:00:00+00
\.


--
-- Data for Name: price; Type: TABLE DATA; Schema: public; Owner: admin
--

COPY public.price (partid, participant_status, price) FROM stdin;
4	Зритель	3760
26	Участник	3138
27	Зритель	1267
25	Участник	1785
9	Участник	3192
15	Зритель	1337
2	Участник	1304
7	Участник	3259
11	Участник	4705
30	Зритель	4997
3	Зритель	1817
20	Участник	3393
22	Участник	3453
27	Участник	4799
16	Зритель	478
31	Зритель	3386
19	Участник	4907
5	Зритель	1368
6	Зритель	876
17	Зритель	4643
28	Зритель	3206
8	Зритель	2342
13	Участник	230
7	Зритель	3991
33	Участник	4374
32	Участник	263
\.


--
-- Data for Name: protocolfinal; Type: TABLE DATA; Schema: public; Owner: admin
--

COPY public.protocolfinal (categoryid, dancer_number, dance, judgeid, place_mark) FROM stdin;
6	95	Самба	57	4
24	87	Ча-ча-ча	82	2
31	26	Самба	72	3
12	10	Квикстеп	14	6
15	88	Румба	45	4
14	46	Пасодобль	8	4
30	72	Ча-ча-ча	57	6
23	63	Фокстрот	99	6
12	25	Фокстрот	98	2
21	99	Ча-ча-ча	94	1
7	64	Танго	50	1
49	21	Фокстрот	71	2
30	30	Венский вальс	92	2
17	32	Медленный вальс	36	6
9	58	Венский вальс	14	5
36	22	Венский вальс	64	3
6	82	Фокстрот	48	3
25	27	Фокстрот	2	4
21	90	Пасодобль	49	2
28	38	Квикстеп	26	4
28	63	Джайв	61	3
40	29	Квикстеп	68	3
36	13	Танго	94	3
3	55	Квикстеп	6	1
7	92	Медленный вальс	40	5
28	100	Медленный вальс	83	3
21	50	Ча-ча-ча	90	3
2	57	Ча-ча-ча	93	3
18	32	Самба	90	1
18	63	Ча-ча-ча	77	1
7	13	Танго	22	4
29	55	Квикстеп	97	1
5	36	Джайв	42	3
22	97	Квикстеп	56	5
44	57	Медленный вальс	42	1
26	3	Фокстрот	96	2
23	36	Пасодобль	68	4
50	69	Квикстеп	79	5
28	61	Танго	54	4
28	85	Самба	99	5
11	96	Румба	75	4
37	1	Венский вальс	94	6
19	14	Джайв	71	1
44	3	Самба	15	4
4	79	Квикстеп	40	4
8	51	Самба	59	6
8	10	Венский вальс	97	6
32	22	Самба	70	5
15	47	Пасодобль	16	2
25	43	Медленный вальс	80	2
4	3	Румба	39	4
14	14	Танго	17	1
46	10	Медленный вальс	86	4
44	32	Квикстеп	59	1
40	49	Фокстрот	32	2
5	71	Танго	98	2
36	54	Фокстрот	19	1
19	64	Венский вальс	25	1
27	53	Самба	72	3
42	70	Танго	11	1
12	29	Пасодобль	17	6
11	10	Джайв	12	6
24	9	Фокстрот	74	1
33	13	Ча-ча-ча	96	2
36	19	Румба	74	1
4	15	Медленный вальс	26	3
37	8	Медленный вальс	46	4
27	39	Самба	85	1
35	82	Румба	86	6
41	89	Ча-ча-ча	85	6
4	67	Фокстрот	83	6
41	22	Медленный вальс	40	1
10	81	Танго	58	2
21	56	Квикстеп	43	6
16	71	Танго	90	5
38	15	Джайв	39	2
48	53	Джайв	11	6
25	12	Фокстрот	14	4
8	87	Ча-ча-ча	91	2
13	1	Самба	32	6
49	7	Ча-ча-ча	38	1
12	71	Медленный вальс	19	5
47	34	Медленный вальс	70	4
25	42	Джайв	31	6
9	17	Венский вальс	12	2
33	57	Пасодобль	81	4
41	35	Медленный вальс	12	1
25	20	Квикстеп	28	2
16	46	Ча-ча-ча	23	3
16	84	Румба	95	5
13	8	Джайв	3	6
45	37	Медленный вальс	57	2
17	13	Фокстрот	63	4
43	6	Пасодобль	90	3
9	7	Медленный вальс	26	2
45	89	Румба	59	1
12	89	Фокстрот	80	2
12	66	Квикстеп	69	2
18	43	Танго	66	5
17	60	Самба	83	2
17	60	Пасодобль	83	1
\.


--
-- Data for Name: protocolstages; Type: TABLE DATA; Schema: public; Owner: admin
--

COPY public.protocolstages (categoryid, dancer_number, dance, judgeid, stage, cross_mark) FROM stdin;
13	71	Пасодобль	100	6	f
20	10	Венский вальс	86	6	t
42	25	Квикстеп	40	6	t
15	57	Ча-ча-ча	8	8	t
8	39	Танго	45	3	f
40	99	Танго	16	8	f
38	13	Медленный вальс	11	5	t
22	6	Пасодобль	32	4	f
9	52	Танго	71	3	f
16	93	Ча-ча-ча	75	2	t
2	80	Фокстрот	84	4	f
39	66	Венский вальс	33	3	t
18	37	Ча-ча-ча	26	1	f
26	27	Венский вальс	92	7	t
5	52	Пасодобль	22	8	f
26	50	Венский вальс	34	2	t
7	42	Джайв	75	7	t
10	23	Румба	90	2	f
13	59	Джайв	28	4	t
6	54	Фокстрот	19	1	f
1	79	Румба	30	4	t
48	12	Квикстеп	13	6	f
13	25	Фокстрот	31	1	f
9	54	Джайв	41	1	f
48	88	Квикстеп	52	4	f
46	49	Джайв	25	2	f
8	92	Самба	46	8	t
17	85	Венский вальс	84	2	f
8	5	Ча-ча-ча	93	8	f
46	3	Самба	67	8	t
43	74	Медленный вальс	66	1	f
2	2	Медленный вальс	46	4	f
10	26	Ча-ча-ча	82	5	t
16	82	Джайв	71	5	t
27	22	Джайв	54	4	f
44	59	Самба	66	7	f
33	97	Медленный вальс	85	5	f
24	21	Танго	98	4	f
15	78	Джайв	13	3	f
48	29	Ча-ча-ча	15	4	t
8	73	Пасодобль	8	5	f
34	65	Венский вальс	38	1	f
50	1	Медленный вальс	46	3	f
43	94	Румба	19	1	t
46	43	Самба	58	3	f
28	8	Джайв	90	5	t
48	73	Фокстрот	21	8	t
32	1	Румба	41	2	t
26	77	Медленный вальс	55	2	f
10	74	Медленный вальс	15	6	t
9	75	Румба	77	7	t
36	68	Венский вальс	98	1	t
16	42	Квикстеп	23	7	f
9	23	Фокстрот	57	3	t
42	75	Танго	34	3	f
36	79	Румба	82	3	f
42	30	Фокстрот	66	2	t
17	37	Пасодобль	67	5	f
32	96	Джайв	49	1	f
30	73	Джайв	74	6	t
49	99	Ча-ча-ча	23	4	t
44	16	Танго	74	6	f
8	17	Танго	6	7	f
13	76	Джайв	8	3	t
50	88	Венский вальс	83	5	f
33	21	Медленный вальс	53	1	f
49	40	Ча-ча-ча	62	7	t
3	12	Пасодобль	51	6	t
19	67	Румба	17	3	f
7	93	Медленный вальс	53	3	t
11	86	Квикстеп	53	8	f
29	63	Фокстрот	19	7	t
12	22	Самба	85	4	t
9	22	Медленный вальс	68	6	f
32	78	Пасодобль	80	2	f
19	49	Джайв	4	3	t
17	98	Фокстрот	78	6	f
19	22	Медленный вальс	36	7	t
20	61	Джайв	1	8	t
28	100	Румба	19	8	f
40	72	Венский вальс	71	8	f
1	77	Фокстрот	47	8	f
13	16	Ча-ча-ча	66	6	t
28	89	Пасодобль	73	7	f
49	32	Пасодобль	93	5	f
29	55	Фокстрот	27	7	f
15	58	Самба	91	1	f
14	51	Ча-ча-ча	22	8	t
26	96	Квикстеп	92	8	f
9	63	Пасодобль	35	5	f
49	20	Джайв	88	3	f
17	86	Пасодобль	58	8	f
36	45	Венский вальс	75	5	t
19	25	Квикстеп	38	4	f
8	89	Джайв	91	3	f
20	28	Румба	86	8	t
39	23	Танго	28	2	f
17	75	Фокстрот	33	5	t
17	60	Самба	83	4	t
17	60	Самба	83	3	t
17	60	Самба	83	2	t
17	62	Самба	83	4	t
17	62	Самба	83	3	t
17	62	Самба	83	2	t
15	62	Квикстеп	83	5	t
15	62	Квикстеп	83	4	f
\.


--
-- Data for Name: ticket; Type: TABLE DATA; Schema: public; Owner: admin
--

COPY public.ticket (partid, ticket_token, participant_status) FROM stdin;
24	\\xf5126ad85e01433b803f59aa2ecee59c06570deb4255a72d628c816bb76abcfd4eccbb36b397f24c46f6cca2bbdac8a6cd48356adb765f83fe143ee5694c29f2d17bd0bf8a4103a96155def21b04a6a91d170a7fc96aa9b5bdb02be3d629461173c78a814d69b15300d24cedfc1b9198b6a82a901077431dfb1abd38b047cc002e2909e5a2e739045bf183a38b00c333b38dbf3f09148ca739453b8ea7d30d1db06c193338212a9c6d4078ff1e53d23c53e617c37b0a80fcf07650ab7c5f6bc0557d036055c624a607310bcfcd55876a33b7d4cebe685c08018755d63cc69b80c7f842adae99847ab9666234727dbd96854c3b816bc677593acfe4fa251245	Участник
31	\\xfa96910bd78c811ad6cd098f44ceaabc2232ec1265cede7e2f29eab1d2684764c0f86e31a87012e05da4aba2a51cc736d14c9b7a9fba88f6c271544e6219be927ff299992fda695c30adbb5fd31f2c5e7d84b3e830613ee9b37ee73cac0ba2f40ed72669ac5e45c5b5793f51a38c58c04e1417f5ce4fb7a9b91a2113de6e1106c854093e306295e54250be6a2c08eea367ef1e639cc4a813b5704779929faab941f3023967efd1943d11bff619f1ca8fe9575386f034dc33fe9b1178ee21b72a30ebd2d8fcfc659a2998377c36b5e3537a18c5aded759775c0018202387258192de544180ca6bc5c0c276803ac385f05c8e8631b6f21ecf818e9631e5f2a21	Зритель
19	\\x0e795e2dd469ebc650ab4374cf6376a05ce303d8a559773cd5fc39f7edc53ab81b0eac93daf1eac5daa13f814b2ba1fd0db60f2087534a5f1b6b2c2eac301d09a48499c07ba6cba22d5dca1c93d298a15191f7cb582301a73f2f5a32bca7d0bd64799c4fea2de721bfef6df6506061b61df59129d8a619d5916087923a5d1a76d82f18513918ee18fde53f722d9151ee834ffe6dcb67470b8512cc093e0e3527c0e1b0c1b02033b63b33259f21db65ad59234e210299de3b58643d4a650e4d35025d6d89a37b49ba210af168512e06b674bf39611169d1b666c2b03b295fbb536c7922a52ed384fe1920fa8003f3d7d9120258783835c669d1cc3725853a77	Зритель
22	\\xc7a3d06950c9fa41db8e7619caed31daaa754afb15cc32df6eb45a779842ae341d3c4f874e3e9c5cf5d88ba8820c5902b24f18f04d21e69ba829d0c43f0b7ae06df8476b2051104406a7b41acd54331a3f7c1137139579367c203194c30b95fe622c362b7e93e65c7aa3566336eba7ec92c84629340ac1b191c4e064081d41144dd1f30903f72285776c37c4d022f70a949b64b21b83713bf82671c0becd7599e51fcd5056dcac15311b1ea31f8f057861f6cae6af57a4d9ad231b51629c1edb4cf837b76480ab4a2ab2aef5c99f31f06b677a3b8ff69fcf36779ac0300728cce399919f3b393fc4daf6f8b1782a2d56a1944ffb2fc62d45fc7d08e49ebfc9	Зритель
7	\\x1182d0071c237a4b2d3add7e745fbc2dc819674ca123afc30e2bc6ca9a95a5010a6326a36ab6b8214958a6b92f4197360a04064363897adf15b7f26dc1d114415147a54f63e5948af68a0e2bf252883340d7aec018e9748842099bc596910366ac148efeec796ba11ec1a6dfaff94f4ad886b54e3c4379e46bce12fecf183d95792dd3c28f55e2b84639dd749703593f789ed5419c24dd37172b0a9c52fd6b05953c8cd85606d9175fc95dff0313726c3cfe477d496520caadd12e594196006a0d83d2cefb4bf49e7a64fb91cea21945fe6e899f270855f2cf88890cc3250f36164e9144f6f712ddec4eb60fac02f1f01d8453fa98c7d7d063b14400095281	Участник
5	\\xf3c8d1deb95315528b4cbaf8e2d965596345fcb8bab836b83e2652095f247e4be9be7cab4e16a504f8d8f67cdd1b9730c7c265bbac703c639778c86ea925e96e77a05a48907a6570a807d6af894b3248f475e3de8e58033c01aca44aea68a9fc6e18c503f6e670deeb5dd7f58f386662ea17867396522302ec5bf8f9c63c7b8c8953b15be908d81b8d0a6849438732507bd597877b474634c313f2c311f615afd0f59b978fdec88fccd09ff0466acf81acf2449e5eda7482a675a9b067ee03ed9b839ccc6c3a953d7e7abb9bab009b83f516ae0bd1dd8277a228e31c83544702a8b611a6744a3828f465d48221ca1222cbced8618b093fc2d6125f84da7051	Зритель
31	\\x48659df8a0bba40b985201a1cb5a8407bee5783678b9aa13751100fbbdba458cb077f3013b0a13f3f19e2022c5d9cea2054694ec61422f6f48e80a3a6a5047bb461c198812ba822edf90a1d31752d73f4e331ed58b954f4b7085eb17b5f14e9c6640e01b9f38b9432c190059bd1d6213140f736a13b0f553437a6ef2acb0f702fb21105eeae92ea55daced91f0dc619b9e205bddded317ece079447dd1c9985bf928cbf897af604b21e1c059e749bfa81d2884256138709ed30fa67a18df855e54e354657565238b4dd969db3a8a3747875aa93216ea73f08c4fad37cc0a95c0d897a9270cc04a95f1dd4de26696b0f4a42ec6c64553d9342e03e757d23276	Зритель
18	\\xee77e0ae244238f2b6b0adf026a4a7c08cea6a7df562d422d49c55d0374886b348e5d287dd144bc74d02d2acb010389adc1f195aca398704f2595aaf5f022dfe26c24632515058b0fab794a3f66d93006ef1ff06dd820362b928ca06a01fc5b02f7a4e46935cf2161a0d551899344698c005e7fd8197a5c2d20c21df261303f656767674e9b84868605178373e62e0632152ca94c262848952278c64b40ac3db9b4dd993c09b6714601856d4c493a665326c06b87d6c861f542cd1e347745cc5ed49153a8c8bb20fd9f5afe2fc1d1f0bc06cb77fa30ee0fa9479f3be91d305d99fd0a858114a166e3d2828f37bb1f5b685f2b7e6314f91e681751db4b554cb	Участник
28	\\x1d374b9fbf678df4c1496cee10a50236b9c05f4ae5512b52a1580fd8b6a4d7b5d72df9b73d7b4bddc37dcf81408d33814c3a9907e86f0094e77e33fff415a3ba004b6c9eb379d58dbca1aad2cdca5d5453220b71a52dccb89af60bb83be3c3a4ba9969604ad980c9568fa8f09167b614f1a6c126200ebf1abab6db0da76a2787693c91bae89b3cbd602f3ee78b6c9e24c7d4e62fbc91330be807ee484cfcb8a4acac7d7522350c72d693815b3639d14d0700937f8ff2664f9490aa0506d85134b1dc59b00ab51902589195adf2b85583214060a1d94b04a4ed258510903ab3c65db587907795d201a7674231ede38c898e942f132fbff9bafcdd538869fae5	Участник
26	\\x8abee428c89bb18ae026ea202503f03136c1d0be06203082e983dffe468597d0dd2a335a789462bf810f5dc7096af1cf8884804b023d0b0cb4ac19a0ed8dcc641a10b83c00e7a0553beee7f3bf3fa8212b2ade4bb7ca2ac3c70bddbdc005057dad6fc7db922e910b1eee2892fbac2904b878c6af420f396bf158d4ec872aded3fc2826e6186c171c9930f492a413f43aa7df6ed344159c2a337fd7360e8386a9d31ecfe9c80e2a11b4a1587fdad0474acb50531a42e3df7cf5bb6034c46868e5a2e19c6bee85f703d9762734cda3c6f504cf4bac748c19e2fc8fd66d71797b063051677469ef33d99cc6940cf4560ac789524cea9595d7d2a6251c827f8bab	Зритель
15	\\xcc10fd624f2ffc0dc85f270b0c8742605456fd181efb57ec87ee9e597dda8a1850f8ccafd52c0b0731062c70c24e1c75b0161465701bebab4192b66188064f3f295f3373c064010e31871c5087301bd93daace7646e010a9dd4e0ef7760b92dd9e363f71455a58299236ad2bddbf0ca4aa1e4a7f7bdf1ceec42c8417537ab54c19e0cc940bdea2487b13ab2ecfa14bff17095cf5776bc0d3fe922a0f0b1637945956ff28bf551eaa4d35e5de38d26cd0f7e4739e00efc95d581ea6c4746b91d61944b14f2fb8c3cb2bc21f9dbc327a8ead84a406c73b99606056db0f5602f220c9883d237cd6485599f39481eefa4eb66c445bf65950dae3d09e5ab3d5ae57	Участник
6	\\xa93518da4ea199c3a37afe2b8b7f67d5623955d62ce644cd052060d97e72763cb18b0664c57708e1ed13eca6196da7ddff9d03fa156fad9052164edac5f7497ffa92717de419373e54c35b20b7e4c46e50502cfcd6d946efece5f6acc3b92416647c84498465e26001b6bfd73ad9634a82db8cb987d2a94101834eae6a2003457fad3fac9d2b7acf8188f0247ebbb0b0c20f26b145a12627891c2bf3be7c1a2e1a875b647b88b3009a7a804984e63141f529f75977ad40b986b32ed854b36789c21465b29fbc99dea8ace8edf3a4c0aaa1251637fbc0fa901f18ca8d70bdb25dae218d0deaf7ab780ae702d46f5330867dbed057e57f5d30fe9ce00d39876b	Зритель
8	\\x3ea570849e794a1a69643a5119090c329132872a9fce57841e6a0995a5f45d1225dfb4f58e49ab323f06693bbaf8f8cae892f1d74fa4aa3fcec2421662cd95970fb5780ad13ee03da0c0fb0a00573044b68177345f82443746fbd78da621d64e6e911fec528a465be02050a33e67b8e036ba71789ff8a5836accfeb4353f8585939e61fb081c23095a11b11f71a45892af842967f2ea86ab8d9ab97bcf76bab3b95be2e0185b9b5ff1d9a9d473c28f20ee09b978a437095c6008ed6b99cff2580157675f716240d093ec0db7c7d03d72d921b1f86d2dcadf2fa979ae7138da58c9a8176a6444c505481232a28a03968dba150ca4b73a57e8e041b22b8c8988	Зритель
8	\\x9c45e6b2ce55384567d9f0e89ad1baa7d101459966812a411dd747f6f7bed5c0115cbc935a04a591a947fcc277195c991316c70a13143d18fcf6be6964acec12104c963519ea82ab6014f8d5d343f0b008144ece80704d8614bd1bfd19b637c6170eec3a6e5708bb5a24a31194bfbb11e33bc69e907b1c29a6c14e2c65b2587b94bebaa6c6b008cffc585f74d84ca902e35875035880c88ba9b3dcba9e353de720be83cf7a628b9be5691e100ef1d59b571eff73f468e65f0a072de809536f1de26c0bbb3382014b6c7ab09c49b03db10f5779201bcf67fc028e7a8e2967d030b3ef4a8855867dd66ddaef292e7f2459c56ae402fd88c8ad027cd483ec6041	Зритель
26	\\x8c2438eaa17e5af06f43650203a7a5fba3b699e5f5153eac65cce64605bd16f01256869c41c40a20630a016c86f3ffcee0d8ed1fc830606da531b8adc056ba6fd5282f2a2fb11a1d6c55ad4db5b5af3dfea03da29ded4724c07457f66cad0e4fba5632e8cdbb381959892746992c0c69a04ef403017a1c612c244d1b9f485b5ad8b58cbef667145a4659ed5f546fd441c6804a2a4c8db5b50f04f86cf56075981e1fe8360055667f00a0fe55225e322fb2262a4ae8e7129d71489297e59943609c0ed1055ed109aa1c933d0c13bfe230a073c6a472a32881586303218824ac21cd7dd59e647e90ef45d6e9a60e080ce8cf496b883ccb76405df91ebef1d273	Участник
12	\\x872148ad80f6aa2fe9a8bf915a3c235fa60d22b7c3dbdc2c71ab1176927747aa3c1f3b9ebec81ac976ba50b0230c5472890b8633fc3db67599cb4e8ad9ddd52e3980438ba85fd90ff8b2b2deeeee8531d5ab848b7578dcd6f23d468c81a32b2a784a600315a3aa1e465b4ce8e7aa3817b9d1c12a8810f22a12f0511a891f8341e659f8b7a1d417f26e2763c383fac50b056c93f587352bd2aa7aa36b47e0acc829da038022e0674e7dbe8d89dad7a6d20f242693a387dd6ca0de81208c83c3932e41c00da7be6a6199264f462dea3e4e85b3629ca02a1e7bcc34e31e2be4a2c4ef376fae82539795fa0457fe17ab8e0ec2871720daa00a7ed2a1f0e7774484	Участник
9	\\xfd93c0df6202124171e574f0a264b4270df01a10e905fe972ce8f024cc5c1c22d232396f05a36db2eed335d65881a0e245a6388377aa06d2f3f07f200862b51dc6a0da952d7a0fbcf2c163e96c2e7bc204028cdf58be90402b3f83cfbb57c31e8c4c7aa7a8fcc96e89ebbf3456c60a7a6f159e6f3fc162eb8239f139a7fc0d60ca16fabd3a601740912179bb4cc0d0ec36455a23c68ddb175ee624a7ba3d22d155a15487343b9bbb14603a41d79e0beb059564db7d93354a6652b6272594ac8df53651b61cf2407d369cf5348d5c76f9a8b1498b4727b3ebf7556483da1ecd8615a3576fd8849520371ff74675d06788744716a17a604008df386c20f6e814	Зритель
32	\\xa2e24be724d8721c1bb4399484b3355a1fca394b0f07af04c6ee4c92ec7cf5cc4618651e2d2c9665dade4f2479ef79447a2da8004e706c5241cf7e7d4c040475ecfff373e6897c5d1035eff16f78661b3387c97321175f8fba9bf661374c8cfb2ed6f251a0d8398dde99f36212d0d2112ab89b52a63172834beb5ccd0bd250b3640a55eca4bdb5bbece323abadce879f7130abb069e029f8c1c9bbad273305441d53482b7b9940082ef55fa5be1af2bbbf4cd1603eff90151d9771a7f805aa312a6d0393073a7facd597f5d3157fc4cfa68caf9338d4cb9284f491e4b6bc2751a3f49fbbf6b833c1d58aa00dd48a21dc0f338745333dba42102825be552a97	Зритель
26	\\xe084cc000b62ada162be55f1feb9627fc4d8ee73c9417e0789e9dd3003def50d21da8988ca5ca480a22856aa956e7c99dd4cfed842a9dcf768eb35e6f9f9e13fe18f6104a11bc50b933e086995edb16df76ea4282ba3cb35fca176eaec839696e06506c6f1824955619c04a4b4cb070687b35decac608345cddf5d4ea40203df768f11912ff6572cf901fc2dce95c8c3ff4cc863714ecda52245763da16acbd3b5592d885fdae20c26dcd979ec6a80eb2f47490cf6ee2878ef97bcad795d934a2a6150f355602e2e6f0b0b5f1c88ba158877f03fcd48bfa1c381aec54aaf4566c2d97150183e644237497dc4995cf2c5c1b72f66477ac4b93c454578b99bd4	Участник
11	\\x5a5547febcc6489ec0aec4c5863cd95be9d13b1ee6986e74df56d80644efe820bbdfe6f5a1f714a35378cb776b2b37864fc1ad838057caf40bde97b1e3331f698463bb817bddf2060c042710ae6f42eaa715cb25b130d5a9bfb145293e552085608e40e5c79ff46b3f5b8cef3ba98ecfa1e84da35e252a57931ebe18dbc62e13234c1805713a6041d12c0daa3efd642310742df48b95e60f8feb4db3644a6b1adb40a770372cc4e633320b9fa5d67de77b01db3f142e7f24ee4e08a7da1332d5723e7d2365be338e89cd9954926a90786d0e7da112aa0222473add0cf7c86e9f535015797162266a7b37d72555741c3e1853cc684bef3848a8a9d6f353117b	Участник
16	\\xc868caefad799236eebccb5ca7f635c5ff043a4c0424ff1d3e0efdc51506c7a0d4da4266681b2f17bedb2aa65828dc90c867b59a5d79d824dde48882717e873b24f75e843cda6387fe9cf629e78206ef3cd3f78405638187a1daeb752c77d72f0d84aa2a74d679816a66aac35a84098be4f69a0c1e424733c8ac43591ea8f756c16c1cd45c19cb452d444a18b6fccddfa78da87539bf906bf81d51105ada832209fbb4e9b5d5f9b8977880fd8cf5402dfe3df4e509d3dcf17dfaebb0036b3fa908f0bc58c6c5cff6f48b7bd74765aa396b816eadf125be9de3cd7bd429cd0fb38ce8462083357a88114c3172ab235c51bb2be1a6e35766da81cc0fac108e88	Зритель
13	\\x97532c4b3176ceea4461e5109d4c2693fba93223b518986c757f3f7f63a9d43c5a2d0fc84fc2140024f4e2d8da06f0c1cdd05457c837264e691c747cbb2e6d8da176205baecfd3d6a4250d993b825edfd829687f4e4078aaf2795906520b1107a55f6eae8ab9a01a55fecf878561d8b384d1fb351955600dc4ba1b4b5080fd10ff9c14d4013647f8efaa2191ae0282e157a537d451c0309e6e0148ce6358aec9887c668b74d197128e0ddcb8f1fd9d67732c77ef9cf544a00c63c9126cbd461518bf840f17dc53a26639fb24a07fa5552e6a6fa5a9a206579aed1632213a0e379092c10d1bacd9486b2d67684902c861382f7651a72ed1da92432ffc42517e	Участник
14	\\x41672a038eef007069b68d91f122b4de4d6c0a15484b4d2a44c6fdc93f5009bb1d63a5a10242bd39cb6b465b9f4b89dc44bc8581efa802dc4b320ca45524c5a50c3d952eb70c30044b31ecb629ad1246defecaaa7e5706917a98cc767b315c5a4dfd3715c5703d05f897a80eb72f24063eaf468338a4950893d5a3d64e7e5886f266e0d4aafa8d57d3c65a1e9ba23372dc8eb6a0d4bef6f9ec9fb497632f61378307018c8ad2d5e5f4b2be2cd3870d71f21364848eb14360ec6b459828598e4057b9c5b62a183fc4834c3d0a6d98e5b7e382495633ca9b859b892896ebe742f419edcc7630ef8086fe3008584ba32a9c04187c7db3e83438c3019a7d790b17	Зритель
23	\\x5a761829b611fc5550dc90c63399fd63e0829ab23ae2c323ad19cde7ba49b5608c5433c3ed18f656190a53b87f29befa98f4729ae8810c320db673f8b833f16dca27f0d644796de699327c5d323658d039ff2fae32c671f65b5eb5a6ac4cfbe3e2faf1a35d88ad8f1f3d79a17476fd91a03c989f6dfcd7645a9c9745cc37f6d744dc65dfb6f0eddfdc066946c539d813ca5e97217b2c70d9655551d48551ceeb07aabcef4338dd14fd48806c2971db4c3742befe2a2ab12537fe40dfc2553833497781f8327ca99fc23c29ff1906a13ee3d11833fc0c049cf1cae294337b1c40610bda2261c2f8f416727885c8ecee4a5f38f385e489a9c6e14b546625a9c2	Участник
30	\\xfe2ba3f7854f281f685ac32e87387f890303196ec74f14811ad4e16c2c5f2c17e96104bcdf7feb50540bd46adbd1535b886e90cc0ae13035ead017cf7974efbd305d3386e3754673a95012e5fd1b50602f3d225cd009564599ed2d8d7580bacae50cc76a990db034d3fb68cc5459303a14b33b12d6e74298c09f8f69c787486a499c150b2d4cfaa6b42c84521f92ebcf7e061556877f31a632bd3dbfb6f63e875d57749bba9f7c474ee1653fc5063892b4fedac74e556b29faa2c3300f4e8e0914ad55094c8226033040d54f6fc2fb62a4fec2715bcce911504d48548e3113fe9ad28cdd7e24d3ac162e33d969b9268eede8b0ef47a8822b090743f6593adb	Участник
3	\\x91643e4b77757a46a9344ad0028e73b970daf92a56300bff0f546afe349ef73cb9f2aa824391ff2267ece604a32a32f34ee3df905ce2b4eecfb6607b1eef0db2b621d465a0881b7636d15b656f4a0d58d60671e2876277520cd8ced2839208e8cc0f33f26c367001a9099bd97e3bdae178b4d3ae48c698b8a59868a2b18fdac8761bc155375dcfad81ab8ea0b9dd13fda13dc560cafc260852981b4c3b6f8832693c62001f6a2410635305e5faaa073682f4c9dd3add994cea3a211d532953f0c41978ec25fc5e9750a07ea540afa39c4059ca90c65aa76daac01b087d46c6c9dc61298b77cdd2f15b0f3b5478f35f9503bd9b54d12ed5680500b8620fb31b	Участник
6	\\xe2ced92d5fa43434b81cd75ed4bf826beff5d1d9b04e817c496b290fbf7fe6ffe30d18faff9e38e86dd03af3cff7bcf16356be98286ee7f2ddb058dfd3b491104126be579d14ac6cb6c9ba02402d6ea463538fd2428a5b0a9159be3f5490f50ac7e7fd9eea37657336848e3e8ad2c3ceb1d50362047c450f126ae12c3ad61f054cd5829c567065fde69f047b3aa0f10240c228f0e268ced63f066b07d7f084af15f7d3194d331a37bb355e6f91ad990a5a983fe65b3a663030e29e994d02bfa7ebd4dcd15acd5617280cfc94091e0539d06d0b17a8684f585acb516d37e06c6e8424246a86b2874102104c9744fdbcacb0e20a99007097eb51b3f9fc035997	Участник
18	\\xa128d398ca9ab244990ae1eea1efdfee821853eb8a13e7aed4372c7d65432e5e8e61a49c3426ad370141b30d3c3c3b9c0cf6c82024d128985570aa09b093557e6b74ef430f456f740397554d0056f41d2d408d7f937cef6805f19210fb0016a5510afd8ab9ac27546969e0ae68f2e2d6244bf8948544eff3a01af522e53371907fd1913d0d7ab4328922142a15a3aae3d367882da7b65bf31d0ca73c88ef9e79912512c6203fa9180a6bced2cdfddb54c20e7b8118137a12906ff2ce769a8a3deae530c8f7be10497c9688d21c9c6a5b87801e6b0b9d451613b08eea96d9f0c2c1ed7a12c2e87b2e39df75e705801309233c5030295e82ac40547b2757d1a3	Зритель
5	\\xbb7365058cd42214e7b1d160411f09c6f2b95c37e6e956b8cd28aec671741231bf8d805047739f54090426439e13d5834d3c2a7185cefa325f7206016044108dd0a409e827f9507ee7bc251be5bbf770371103257ccf909d83f9018301b2cdd14d6dbff18a727e6ccf19edd4b426bfb5f4268e0ca90574cb604666d00ff6582a66568193b439632e5ed4afa08ffc0702b923c6dc293fd82cc64ac7fc5460903e0e5aa49fa125da3cf2324de5d7c269fc1db2b19e76bbd4162eb30492f8f74dfb15521c2e8a74f3726536e7ba9379880df9701e3b7aec9b134c8e0d55e8c1d50dee32f5c1ae04e659895fdf8a922dc626311df5c821bf4fc7a7c9425fd4310a	Участник
19	\\xc29a59c74bec40fb84ca556ee30ff0e7789b0ce0e7f7dcb301141e5136dc4e3e46730ebf936fa0b239d403de6813e49257e4cdb3ae167b002d4bad84737c68e49e51a72200244be0581265e6908ed48772174c18cb60d6e7928809ef19cf5de35d27a7bedb83ed9311494062510a63605f888785bf1438489c70a6dce8a57b6d539b5d06992052ab19a3066343a7e2d44b36b9cf30782eccff0cddd4d42be4cb08e672a83264058d66d7a4ed0e5b2475de09900ed3ed2f33b1d4bcb8ce25c1c0b37f6ddf3828b0260a41e98a3043bbd8df19a58155315a293df6aef135622a962421bdfe33b4cfb497691134b4611ba70386b0dec739bf23e443823c6cfb2e	Зритель
11	\\x99b6b2c39630dfa380ee1d456b37157662faa5152cb3cb195450860cc5978eaced167e03e5bf8bd84a27cc2d1601489b2e89e7fe06b36cd05cbb6a4b92d389eb4a7df0ba5e1e0820f81615b25c591f7d658d0b135457f11f2e0dc7f9a885cfc34d6b12c9e48cf8627acb695f4ef0e9739a88043696c7e1b7f1b5eaad034e171a19308c5fe3968c55b79fffaedc8b8083a6ae8628be4df2b6079cd28ccb3ec0fdbd6608760d1c80e940ef5796293f54ec690eb59158669943a7dc15439c708138695e4c10031866c2ef6c9781d515d67497ecc916c8e7298ba253d397fd52bceafc0c86bd53bbba4efa923b27ce98d2db1be02beb2fadf98add8f4725a723f6	Участник
19	\\xf660e663553be8f0ada6c924d833138b2b9174755d1730ff9e73c5031406e716983c57b1881095330a095a5a51a9a128d38964e9acfc53ca35630b6f9a5a86f3c83698004733d855be1e03b746c1b8f5ee08e10db6d200a5b58677c06ef920ae9a597fda29ad14f28846931d07dd895cb96932ffe6bb96e092a6c188b69a68973c8d96fd7c0f0975547551dd9f9e47e2e2696dfde3a9411d90f5d39be176e48952c0b423b8bde74edb80b40e782f6172929daf961435417160b2e055ae392da352ca6bafaa816d1adc4181e165fe70b1b1e250f0260c8bb71ceb2323d7992b5a527fb4b5fce2a73f780ec97f9a5d59ecf13ba8ba27573d8e1ed6c5cbfb23bd	Участник
12	\\x8c5dee81c8be71241656dd168b281008bcd233adb8688eb24166f724a363c6537cc2fbd2eb59b2be09ee18f3a51932b2d8f0de8646af2b2a9fc97c83bd511f118148a1b884183a3da30dd129056133ebbc7f4f781b38c8ca2b2becd52f7cb65d701e4ee1d0a3d97b8a7308398320e6e413289b90e4798014a4b7dbfc341fc21c7ac29065d2cb3fa30a26fa46240d533ccc95e979ff5419f224a873389f30dc1a19cae490e841c0b3254a7f22b15d82f256d4a9629d05ad368f85c09b0e4b4548bd776c88a06902a3806b69bcb6526290d7b4e2f4727184031a0e4022d1947f7bac8600305fb51da3a7a66385690c3219daab27d26a3e9b866c4733fcf80bb9	Зритель
\.


--
-- Name: category_categoryid_seq; Type: SEQUENCE SET; Schema: public; Owner: admin
--

SELECT pg_catalog.setval('public.category_categoryid_seq', 50, true);


--
-- Name: dancer_dancerid_seq; Type: SEQUENCE SET; Schema: public; Owner: admin
--

SELECT pg_catalog.setval('public.dancer_dancerid_seq', 100, true);


--
-- Name: dancerperson_personid_seq; Type: SEQUENCE SET; Schema: public; Owner: admin
--

SELECT pg_catalog.setval('public.dancerperson_personid_seq', 100, true);


--
-- Name: judge_judgeid_seq; Type: SEQUENCE SET; Schema: public; Owner: admin
--

SELECT pg_catalog.setval('public.judge_judgeid_seq', 100, true);


--
-- Name: ladyies_personid_seq; Type: SEQUENCE SET; Schema: public; Owner: postgres
--

SELECT pg_catalog.setval('public.ladyies_personid_seq', 1, false);


--
-- Name: mans_personid_seq; Type: SEQUENCE SET; Schema: public; Owner: postgres
--

SELECT pg_catalog.setval('public.mans_personid_seq', 1, false);


--
-- Name: part_partid_seq; Type: SEQUENCE SET; Schema: public; Owner: admin
--

SELECT pg_catalog.setval('public.part_partid_seq', 33, true);


--
-- Name: categorieslevels categorieslevels_pkey; Type: CONSTRAINT; Schema: public; Owner: admin
--

ALTER TABLE ONLY public.categorieslevels
    ADD CONSTRAINT categorieslevels_pkey PRIMARY KEY (categoryid, skill_level);


--
-- Name: category category_pkey; Type: CONSTRAINT; Schema: public; Owner: admin
--

ALTER TABLE ONLY public.category
    ADD CONSTRAINT category_pkey PRIMARY KEY (categoryid);


--
-- Name: dancer dancer_pkey; Type: CONSTRAINT; Schema: public; Owner: admin
--

ALTER TABLE ONLY public.dancer
    ADD CONSTRAINT dancer_pkey PRIMARY KEY (dancerid);


--
-- Name: dancercategory dancercategory_pkey; Type: CONSTRAINT; Schema: public; Owner: admin
--

ALTER TABLE ONLY public.dancercategory
    ADD CONSTRAINT dancercategory_pkey PRIMARY KEY (categoryid, dancerid);


--
-- Name: dancernumber dancernumber_dancer_number_key; Type: CONSTRAINT; Schema: public; Owner: admin
--

ALTER TABLE ONLY public.dancernumber
    ADD CONSTRAINT dancernumber_dancer_number_key UNIQUE (dancer_number);


--
-- Name: dancernumber dancernumber_pkey; Type: CONSTRAINT; Schema: public; Owner: admin
--

ALTER TABLE ONLY public.dancernumber
    ADD CONSTRAINT dancernumber_pkey PRIMARY KEY (dancer_number, partid);


--
-- Name: dancerperson dancerperson_pkey; Type: CONSTRAINT; Schema: public; Owner: admin
--

ALTER TABLE ONLY public.dancerperson
    ADD CONSTRAINT dancerperson_pkey PRIMARY KEY (personid);


--
-- Name: judge judge_pkey; Type: CONSTRAINT; Schema: public; Owner: admin
--

ALTER TABLE ONLY public.judge
    ADD CONSTRAINT judge_pkey PRIMARY KEY (judgeid);


--
-- Name: judgecategory judgecategory_pkey; Type: CONSTRAINT; Schema: public; Owner: admin
--

ALTER TABLE ONLY public.judgecategory
    ADD CONSTRAINT judgecategory_pkey PRIMARY KEY (categoryid, judgeid);


--
-- Name: ladyies ladyies_pkey; Type: CONSTRAINT; Schema: public; Owner: postgres
--

ALTER TABLE ONLY public.ladyies
    ADD CONSTRAINT ladyies_pkey PRIMARY KEY (personid);


--
-- Name: mans mans_pkey; Type: CONSTRAINT; Schema: public; Owner: postgres
--

ALTER TABLE ONLY public.mans
    ADD CONSTRAINT mans_pkey PRIMARY KEY (personid);


--
-- Name: music music_pkey; Type: CONSTRAINT; Schema: public; Owner: admin
--

ALTER TABLE ONLY public.music
    ADD CONSTRAINT music_pkey PRIMARY KEY (music_link);


--
-- Name: part part_pkey; Type: CONSTRAINT; Schema: public; Owner: admin
--

ALTER TABLE ONLY public.part
    ADD CONSTRAINT part_pkey PRIMARY KEY (partid);


--
-- Name: price price_pkey; Type: CONSTRAINT; Schema: public; Owner: admin
--

ALTER TABLE ONLY public.price
    ADD CONSTRAINT price_pkey PRIMARY KEY (partid, participant_status);


--
-- Name: protocolfinal protocolfinal_pkey; Type: CONSTRAINT; Schema: public; Owner: admin
--

ALTER TABLE ONLY public.protocolfinal
    ADD CONSTRAINT protocolfinal_pkey PRIMARY KEY (categoryid, dancer_number, dance, judgeid);


--
-- Name: protocolstages protocolstages_pkey; Type: CONSTRAINT; Schema: public; Owner: admin
--

ALTER TABLE ONLY public.protocolstages
    ADD CONSTRAINT protocolstages_pkey PRIMARY KEY (categoryid, dancer_number, dance, judgeid, stage);


--
-- Name: ticket ticket_pkey; Type: CONSTRAINT; Schema: public; Owner: admin
--

ALTER TABLE ONLY public.ticket
    ADD CONSTRAINT ticket_pkey PRIMARY KEY (ticket_token);


--
-- Name: ix_categoryid_dancercategory; Type: INDEX; Schema: public; Owner: admin
--

CREATE INDEX ix_categoryid_dancercategory ON public.dancercategory USING btree (categoryid);


--
-- Name: ix_categoryid_final; Type: INDEX; Schema: public; Owner: admin
--

CREATE INDEX ix_categoryid_final ON public.protocolfinal USING btree (categoryid);


--
-- Name: ix_categoryid_stages; Type: INDEX; Schema: public; Owner: admin
--

CREATE INDEX ix_categoryid_stages ON public.protocolstages USING btree (categoryid);


--
-- Name: ix_cross_mark; Type: INDEX; Schema: public; Owner: admin
--

CREATE INDEX ix_cross_mark ON public.protocolstages USING btree (cross_mark);


--
-- Name: ix_dance; Type: INDEX; Schema: public; Owner: admin
--

CREATE INDEX ix_dance ON public.protocolstages USING btree (dance);


--
-- Name: ix_dancer_number; Type: INDEX; Schema: public; Owner: admin
--

CREATE INDEX ix_dancer_number ON public.dancernumber USING btree (dancer_number);


--
-- Name: ix_dancer_number_final; Type: INDEX; Schema: public; Owner: admin
--

CREATE INDEX ix_dancer_number_final ON public.protocolfinal USING btree (dancer_number);


--
-- Name: ix_dancer_number_stages; Type: INDEX; Schema: public; Owner: admin
--

CREATE INDEX ix_dancer_number_stages ON public.protocolstages USING btree (dancer_number);


--
-- Name: ix_dancerid_dancercategory; Type: INDEX; Schema: public; Owner: admin
--

CREATE INDEX ix_dancerid_dancercategory ON public.dancercategory USING btree (dancerid);


--
-- Name: ix_dancerid_dancernumber; Type: INDEX; Schema: public; Owner: admin
--

CREATE INDEX ix_dancerid_dancernumber ON public.dancernumber USING btree (dancerid);


--
-- Name: ix_judgeid; Type: INDEX; Schema: public; Owner: admin
--

CREATE INDEX ix_judgeid ON public.judgecategory USING btree (judgeid);


--
-- Name: ix_ladyid; Type: INDEX; Schema: public; Owner: admin
--

CREATE INDEX ix_ladyid ON public.dancer USING btree (ladyid);


--
-- Name: ix_manid; Type: INDEX; Schema: public; Owner: admin
--

CREATE INDEX ix_manid ON public.dancer USING btree (manid);


--
-- Name: ix_partid; Type: INDEX; Schema: public; Owner: admin
--

CREATE INDEX ix_partid ON public.category USING btree (partid);


--
-- Name: ix_partid_ticket; Type: INDEX; Schema: public; Owner: admin
--

CREATE INDEX ix_partid_ticket ON public.ticket USING btree (partid);


--
-- Name: categorieslevels categorieslevels_categoryid_fkey; Type: FK CONSTRAINT; Schema: public; Owner: admin
--

ALTER TABLE ONLY public.categorieslevels
    ADD CONSTRAINT categorieslevels_categoryid_fkey FOREIGN KEY (categoryid) REFERENCES public.category(categoryid);


--
-- Name: category category_partid_fkey; Type: FK CONSTRAINT; Schema: public; Owner: admin
--

ALTER TABLE ONLY public.category
    ADD CONSTRAINT category_partid_fkey FOREIGN KEY (partid) REFERENCES public.part(partid);


--
-- Name: dancer dancer_ladyid_fkey; Type: FK CONSTRAINT; Schema: public; Owner: admin
--

ALTER TABLE ONLY public.dancer
    ADD CONSTRAINT dancer_ladyid_fkey FOREIGN KEY (ladyid) REFERENCES public.dancerperson(personid);


--
-- Name: dancer dancer_manid_fkey; Type: FK CONSTRAINT; Schema: public; Owner: admin
--

ALTER TABLE ONLY public.dancer
    ADD CONSTRAINT dancer_manid_fkey FOREIGN KEY (manid) REFERENCES public.dancerperson(personid);


--
-- Name: dancercategory dancercategory_categoryid_fkey; Type: FK CONSTRAINT; Schema: public; Owner: admin
--

ALTER TABLE ONLY public.dancercategory
    ADD CONSTRAINT dancercategory_categoryid_fkey FOREIGN KEY (categoryid) REFERENCES public.category(categoryid);


--
-- Name: dancercategory dancercategory_dancerid_fkey; Type: FK CONSTRAINT; Schema: public; Owner: admin
--

ALTER TABLE ONLY public.dancercategory
    ADD CONSTRAINT dancercategory_dancerid_fkey FOREIGN KEY (dancerid) REFERENCES public.dancer(dancerid);


--
-- Name: dancernumber dancernumber_dancerid_fkey; Type: FK CONSTRAINT; Schema: public; Owner: admin
--

ALTER TABLE ONLY public.dancernumber
    ADD CONSTRAINT dancernumber_dancerid_fkey FOREIGN KEY (dancerid) REFERENCES public.dancer(dancerid);


--
-- Name: dancernumber dancernumber_partid_fkey; Type: FK CONSTRAINT; Schema: public; Owner: admin
--

ALTER TABLE ONLY public.dancernumber
    ADD CONSTRAINT dancernumber_partid_fkey FOREIGN KEY (partid) REFERENCES public.part(partid);


--
-- Name: judgecategory judgecategory_categoryid_fkey; Type: FK CONSTRAINT; Schema: public; Owner: admin
--

ALTER TABLE ONLY public.judgecategory
    ADD CONSTRAINT judgecategory_categoryid_fkey FOREIGN KEY (categoryid) REFERENCES public.category(categoryid);


--
-- Name: judgecategory judgecategory_judgeid_fkey; Type: FK CONSTRAINT; Schema: public; Owner: admin
--

ALTER TABLE ONLY public.judgecategory
    ADD CONSTRAINT judgecategory_judgeid_fkey FOREIGN KEY (judgeid) REFERENCES public.judge(judgeid);


--
-- Name: price price_partid_fkey; Type: FK CONSTRAINT; Schema: public; Owner: admin
--

ALTER TABLE ONLY public.price
    ADD CONSTRAINT price_partid_fkey FOREIGN KEY (partid) REFERENCES public.part(partid);


--
-- Name: protocolfinal protocolfinal_categoryid_fkey; Type: FK CONSTRAINT; Schema: public; Owner: admin
--

ALTER TABLE ONLY public.protocolfinal
    ADD CONSTRAINT protocolfinal_categoryid_fkey FOREIGN KEY (categoryid) REFERENCES public.category(categoryid);


--
-- Name: protocolfinal protocolfinal_dancer_number_fkey; Type: FK CONSTRAINT; Schema: public; Owner: admin
--

ALTER TABLE ONLY public.protocolfinal
    ADD CONSTRAINT protocolfinal_dancer_number_fkey FOREIGN KEY (dancer_number) REFERENCES public.dancernumber(dancer_number);


--
-- Name: protocolfinal protocolfinal_judgeid_fkey; Type: FK CONSTRAINT; Schema: public; Owner: admin
--

ALTER TABLE ONLY public.protocolfinal
    ADD CONSTRAINT protocolfinal_judgeid_fkey FOREIGN KEY (judgeid) REFERENCES public.judge(judgeid);


--
-- Name: protocolstages protocolstages_categoryid_fkey; Type: FK CONSTRAINT; Schema: public; Owner: admin
--

ALTER TABLE ONLY public.protocolstages
    ADD CONSTRAINT protocolstages_categoryid_fkey FOREIGN KEY (categoryid) REFERENCES public.category(categoryid);


--
-- Name: protocolstages protocolstages_dancer_number_fkey; Type: FK CONSTRAINT; Schema: public; Owner: admin
--

ALTER TABLE ONLY public.protocolstages
    ADD CONSTRAINT protocolstages_dancer_number_fkey FOREIGN KEY (dancer_number) REFERENCES public.dancernumber(dancer_number);


--
-- Name: protocolstages protocolstages_judgeid_fkey; Type: FK CONSTRAINT; Schema: public; Owner: admin
--

ALTER TABLE ONLY public.protocolstages
    ADD CONSTRAINT protocolstages_judgeid_fkey FOREIGN KEY (judgeid) REFERENCES public.judge(judgeid);


--
-- Name: ticket ticket_partid_fkey; Type: FK CONSTRAINT; Schema: public; Owner: admin
--

ALTER TABLE ONLY public.ticket
    ADD CONSTRAINT ticket_partid_fkey FOREIGN KEY (partid) REFERENCES public.part(partid);


--
-- Name: SCHEMA public; Type: ACL; Schema: -; Owner: postgres
--

REVOKE USAGE ON SCHEMA public FROM PUBLIC;
GRANT ALL ON SCHEMA public TO PUBLIC;


--
-- Name: TABLE categorieslevels; Type: ACL; Schema: public; Owner: admin
--

GRANT SELECT ON TABLE public.categorieslevels TO reader;
GRANT SELECT,INSERT,UPDATE ON TABLE public.categorieslevels TO writer;


--
-- Name: TABLE category; Type: ACL; Schema: public; Owner: admin
--

GRANT SELECT ON TABLE public.category TO reader;
GRANT SELECT,INSERT,UPDATE ON TABLE public.category TO writer;


--
-- Name: TABLE dancer; Type: ACL; Schema: public; Owner: admin
--

GRANT SELECT ON TABLE public.dancer TO reader;
GRANT SELECT,INSERT,UPDATE ON TABLE public.dancer TO writer;


--
-- Name: TABLE dancercategory; Type: ACL; Schema: public; Owner: admin
--

GRANT SELECT ON TABLE public.dancercategory TO reader;
GRANT SELECT,INSERT,UPDATE ON TABLE public.dancercategory TO writer;


--
-- Name: TABLE dancernumber; Type: ACL; Schema: public; Owner: admin
--

GRANT SELECT ON TABLE public.dancernumber TO reader;
GRANT SELECT,INSERT,UPDATE ON TABLE public.dancernumber TO writer;


--
-- Name: TABLE dancerperson; Type: ACL; Schema: public; Owner: admin
--

GRANT SELECT ON TABLE public.dancerperson TO reader;
GRANT SELECT,INSERT,UPDATE ON TABLE public.dancerperson TO writer;


--
-- Name: TABLE judge; Type: ACL; Schema: public; Owner: admin
--

GRANT SELECT ON TABLE public.judge TO reader;
GRANT SELECT,INSERT,UPDATE ON TABLE public.judge TO writer;


--
-- Name: TABLE judgecategory; Type: ACL; Schema: public; Owner: admin
--

GRANT SELECT ON TABLE public.judgecategory TO reader;
GRANT SELECT,INSERT,UPDATE ON TABLE public.judgecategory TO writer;


--
-- Name: TABLE music; Type: ACL; Schema: public; Owner: admin
--

GRANT SELECT ON TABLE public.music TO reader;
GRANT SELECT,INSERT,UPDATE ON TABLE public.music TO writer;


--
-- Name: TABLE part; Type: ACL; Schema: public; Owner: admin
--

GRANT SELECT ON TABLE public.part TO reader;
GRANT SELECT,INSERT,UPDATE ON TABLE public.part TO writer;


--
-- Name: TABLE price; Type: ACL; Schema: public; Owner: admin
--

GRANT SELECT ON TABLE public.price TO reader;
GRANT SELECT,INSERT,UPDATE ON TABLE public.price TO writer;


--
-- Name: TABLE protocolfinal; Type: ACL; Schema: public; Owner: admin
--

GRANT SELECT ON TABLE public.protocolfinal TO reader;
GRANT SELECT,INSERT,UPDATE ON TABLE public.protocolfinal TO writer;
GRANT SELECT ON TABLE public.protocolfinal TO analytic;


--
-- Name: TABLE protocolstages; Type: ACL; Schema: public; Owner: admin
--

GRANT SELECT ON TABLE public.protocolstages TO reader;
GRANT SELECT,INSERT,UPDATE ON TABLE public.protocolstages TO writer;


--
-- Name: TABLE ticket; Type: ACL; Schema: public; Owner: admin
--

GRANT SELECT ON TABLE public.ticket TO reader;
GRANT SELECT,INSERT,UPDATE ON TABLE public.ticket TO writer;


--
-- PostgreSQL database dump complete
--

